path,label
/content/drive/MyDrive/AImodels/codes/experiments/Mark4.7/data/test/others_test_001.wav,others
/content/drive/MyDrive/AImodels/codes/experiments/Mark4.7/data/test/others_test_002.wav,others
/content/drive/MyDrive/AImodels/codes/experiments/Mark4.7/data/test/others_test_003.wav,others
/content/drive/MyDrive/AImodels/codes/experiments/Mark4.7/data/test/others_test_004.wav,others
/content/drive/MyDrive/AImodels/codes/experiments/Mark4.7/data/test/others_test_005.wav,others
/content/drive/MyDrive/AImodels/codes/experiments/Mark4.7/data/test/others_test_006.wav,others
/content/drive/MyDrive/AImodels/codes/experiments/Mark4.7/data/test/others_test_007.wav,others
/content/drive/MyDrive/AImodels/codes/experiments/Mark4.7/data/test/others_test_008.wav,others
/content/drive/MyDrive/AImodels/codes/experiments/Mark4.7/data/test/others_test_009.wav,others
/content/drive/MyDrive/AImodels/codes/experiments/Mark4.7/data/test/others_test_010.wav,others
/content/drive/MyDrive/AImodels/codes/experiments/Mark4.7/data/test/others_test_011.wav,others
/content/drive/MyDrive/AImodels/codes/experiments/Mark4.7/data/test/others_test_012.wav,others
/content/drive/MyDrive/AImodels/codes/experiments/Mark4.7/data/test/others_test_013.wav,others
/content/drive/MyDrive/AImodels/codes/experiments/Mark4.7/data/test/others_test_014.wav,others
/content/drive/MyDrive/AImodels/codes/experiments/Mark4.7/data/test/others_test_015.wav,others
/content/drive/MyDrive/AImodels/codes/experiments/Mark4.7/data/test/others_test_016.wav,others
/content/drive/MyDrive/AImodels/codes/experiments/Mark4.7/data/test/others_test_017.wav,others
/content/drive/MyDrive/AImodels/codes/experiments/Mark4.7/data/test/others_test_018.wav,others
/content/drive/MyDrive/AImodels/codes/experiments/Mark4.7/data/test/others_test_019.wav,others
/content/drive/MyDrive/AImodels/codes/experiments/Mark4.7/data/test/others_test_020.wav,others
/content/drive/MyDrive/AImodels/codes/experiments/Mark4.7/data/test/others_test_021.wav,others
/content/drive/MyDrive/AImodels/codes/experiments/Mark4.7/data/test/others_test_022.wav,others
/content/drive/MyDrive/AImodels/codes/experiments/Mark4.7/data/test/others_test_023.wav,others
/content/drive/MyDrive/AImodels/codes/experiments/Mark4.7/data/test/others_test_024.wav,others
/content/drive/MyDrive/AImodels/codes/experiments/Mark4.7/data/test/others_test_025.wav,others
/content/drive/MyDrive/AImodels/codes/experiments/Mark4.7/data/test/others_test_026.wav,others
/content/drive/MyDrive/AImodels/codes/experiments/Mark4.7/data/test/others_test_027.wav,others
/content/drive/MyDrive/AImodels/codes/experiments/Mark4.7/data/test/others_test_028.wav,others
/content/drive/MyDrive/AImodels/codes/experiments/Mark4.7/data/test/others_test_029.wav,others
/content/drive/MyDrive/AImodels/codes/experiments/Mark4.7/data/test/others_test_030.wav,others
/content/drive/MyDrive/AImodels/codes/experiments/Mark4.7/data/test/others_test_031.wav,others
/content/drive/MyDrive/AImodels/codes/experiments/Mark4.7/data/test/others_test_032.wav,others
/content/drive/MyDrive/AImodels/codes/experiments/Mark4.7/data/test/others_test_033.wav,others
/content/drive/MyDrive/AImodels/codes/experiments/Mark4.7/data/test/others_test_034.wav,others
/content/drive/MyDrive/AImodels/codes/experiments/Mark4.7/data/test/others_test_035.wav,others
/content/drive/MyDrive/AImodels/codes/experiments/Mark4.7/data/test/others_test_036.wav,others
/content/drive/MyDrive/AImodels/codes/experiments/Mark4.7/data/test/others_test_037.wav,others
/content/drive/MyDrive/AImodels/codes/experiments/Mark4.7/data/test/others_test_038.wav,others
/content/drive/MyDrive/AImodels/codes/experiments/Mark4.7/data/test/others_test_039.wav,others
/content/drive/MyDrive/AImodels/codes/experiments/Mark4.7/data/test/others_test_040.wav,others
/content/drive/MyDrive/AImodels/codes/experiments/Mark4.7/data/test/others_test_041.wav,others
/content/drive/MyDrive/AImodels/codes/experiments/Mark4.7/data/test/others_test_042.wav,others
/content/drive/MyDrive/AImodels/codes/experiments/Mark4.7/data/test/others_test_043.wav,others
/content/drive/MyDrive/AImodels/codes/experiments/Mark4.7/data/test/others_test_044.wav,others
/content/drive/MyDrive/AImodels/codes/experiments/Mark4.7/data/test/others_test_045.wav,others
/content/drive/MyDrive/AImodels/codes/experiments/Mark4.7/data/test/others_test_046.wav,others
/content/drive/MyDrive/AImodels/codes/experiments/Mark4.7/data/test/others_test_047.wav,others
/content/drive/MyDrive/AImodels/codes/experiments/Mark4.7/data/test/others_test_048.wav,others
/content/drive/MyDrive/AImodels/codes/experiments/Mark4.7/data/test/others_test_049.wav,others
/content/drive/MyDrive/AImodels/codes/experiments/Mark4.7/data/test/others_test_050.wav,others
/content/drive/MyDrive/AImodels/codes/experiments/Mark4.7/data/test/others_test_051.wav,others
/content/drive/MyDrive/AImodels/codes/experiments/Mark4.7/data/test/others_test_052.wav,others
/content/drive/MyDrive/AImodels/codes/experiments/Mark4.7/data/test/others_test_053.wav,others
/content/drive/MyDrive/AImodels/codes/experiments/Mark4.7/data/test/others_test_054.wav,others
/content/drive/MyDrive/AImodels/codes/experiments/Mark4.7/data/test/others_test_055.wav,others
/content/drive/MyDrive/AImodels/codes/experiments/Mark4.7/data/test/others_test_056.wav,others
/content/drive/MyDrive/AImodels/codes/experiments/Mark4.7/data/test/others_test_057.wav,others
/content/drive/MyDrive/AImodels/codes/experiments/Mark4.7/data/test/others_test_058.wav,others
/content/drive/MyDrive/AImodels/codes/experiments/Mark4.7/data/test/others_test_059.wav,others
/content/drive/MyDrive/AImodels/codes/experiments/Mark4.7/data/test/others_test_060.wav,others
/content/drive/MyDrive/AImodels/codes/experiments/Mark4.7/data/test/others_test_061.wav,others
/content/drive/MyDrive/AImodels/codes/experiments/Mark4.7/data/test/others_test_062.wav,others
/content/drive/MyDrive/AImodels/codes/experiments/Mark4.7/data/test/others_test_063.wav,others
/content/drive/MyDrive/AImodels/codes/experiments/Mark4.7/data/test/others_test_064.wav,others
/content/drive/MyDrive/AImodels/codes/experiments/Mark4.7/data/test/others_test_065.wav,others
/content/drive/MyDrive/AImodels/codes/experiments/Mark4.7/data/test/others_test_066.wav,others
/content/drive/MyDrive/AImodels/codes/experiments/Mark4.7/data/test/others_test_067.wav,others
/content/drive/MyDrive/AImodels/codes/experiments/Mark4.7/data/test/others_test_068.wav,others
/content/drive/MyDrive/AImodels/codes/experiments/Mark4.7/data/test/others_test_069.wav,others
/content/drive/MyDrive/AImodels/codes/experiments/Mark4.7/data/test/others_test_070.wav,others
/content/drive/MyDrive/AImodels/codes/experiments/Mark4.7/data/test/others_test_071.wav,others
/content/drive/MyDrive/AImodels/codes/experiments/Mark4.7/data/test/others_test_072.wav,others
/content/drive/MyDrive/AImodels/codes/experiments/Mark4.7/data/test/others_test_073.wav,others
/content/drive/MyDrive/AImodels/codes/experiments/Mark4.7/data/test/others_test_074.wav,others
/content/drive/MyDrive/AImodels/codes/experiments/Mark4.7/data/test/others_test_075.wav,others
/content/drive/MyDrive/AImodels/codes/experiments/Mark4.7/data/test/others_test_076.wav,others
/content/drive/MyDrive/AImodels/codes/experiments/Mark4.7/data/test/others_test_077.wav,others
/content/drive/MyDrive/AImodels/codes/experiments/Mark4.7/data/test/others_test_078.wav,others
/content/drive/MyDrive/AImodels/codes/experiments/Mark4.7/data/test/others_test_079.wav,others
/content/drive/MyDrive/AImodels/codes/experiments/Mark4.7/data/test/others_test_080.wav,others
/content/drive/MyDrive/AImodels/codes/experiments/Mark4.7/data/test/others_test_081.wav,others
/content/drive/MyDrive/AImodels/codes/experiments/Mark4.7/data/test/others_test_082.wav,others
/content/drive/MyDrive/AImodels/codes/experiments/Mark4.7/data/test/others_test_083.wav,others
/content/drive/MyDrive/AImodels/codes/experiments/Mark4.7/data/test/others_test_084.wav,others
/content/drive/MyDrive/AImodels/codes/experiments/Mark4.7/data/test/others_test_085.wav,others
/content/drive/MyDrive/AImodels/codes/experiments/Mark4.7/data/test/others_test_086.wav,others
/content/drive/MyDrive/AImodels/codes/experiments/Mark4.7/data/test/others_test_087.wav,others
/content/drive/MyDrive/AImodels/codes/experiments/Mark4.7/data/test/others_test_088.wav,others
/content/drive/MyDrive/AImodels/codes/experiments/Mark4.7/data/test/others_test_089.wav,others
/content/drive/MyDrive/AImodels/codes/experiments/Mark4.7/data/test/others_test_090.wav,others
/content/drive/MyDrive/AImodels/codes/experiments/Mark4.7/data/test/others_test_091.wav,others
/content/drive/MyDrive/AImodels/codes/experiments/Mark4.7/data/test/others_test_092.wav,others
/content/drive/MyDrive/AImodels/codes/experiments/Mark4.7/data/test/others_test_093.wav,others
/content/drive/MyDrive/AImodels/codes/experiments/Mark4.7/data/test/others_test_094.wav,others
/content/drive/MyDrive/AImodels/codes/experiments/Mark4.7/data/test/others_test_095.wav,others
/content/drive/MyDrive/AImodels/codes/experiments/Mark4.7/data/test/others_test_096.wav,others
/content/drive/MyDrive/AImodels/codes/experiments/Mark4.7/data/test/others_test_097.wav,others
/content/drive/MyDrive/AImodels/codes/experiments/Mark4.7/data/test/others_test_098.wav,others
/content/drive/MyDrive/AImodels/codes/experiments/Mark4.7/data/test/others_test_099.wav,others
/content/drive/MyDrive/AImodels/codes/experiments/Mark4.7/data/test/others_test_100.wav,others
/content/drive/MyDrive/AImodels/codes/experiments/Mark4.7/data/test/others_test_101.wav,others
/content/drive/MyDrive/AImodels/codes/experiments/Mark4.7/data/test/others_test_102.wav,others
/content/drive/MyDrive/AImodels/codes/experiments/Mark4.7/data/test/others_test_103.wav,others
/content/drive/MyDrive/AImodels/codes/experiments/Mark4.7/data/test/others_test_104.wav,others
/content/drive/MyDrive/AImodels/codes/experiments/Mark4.7/data/test/others_test_105.wav,others
/content/drive/MyDrive/AImodels/codes/experiments/Mark4.7/data/test/others_test_106.wav,others
/content/drive/MyDrive/AImodels/codes/experiments/Mark4.7/data/test/others_test_107.wav,others
/content/drive/MyDrive/AImodels/codes/experiments/Mark4.7/data/test/others_test_108.wav,others
/content/drive/MyDrive/AImodels/codes/experiments/Mark4.7/data/test/others_test_109.wav,others
/content/drive/MyDrive/AImodels/codes/experiments/Mark4.7/data/test/others_test_110.wav,others
/content/drive/MyDrive/AImodels/codes/experiments/Mark4.7/data/test/others_test_111.wav,others
/content/drive/MyDrive/AImodels/codes/experiments/Mark4.7/data/test/others_test_112.wav,others
/content/drive/MyDrive/AImodels/codes/experiments/Mark4.7/data/test/others_test_113.wav,others
/content/drive/MyDrive/AImodels/codes/experiments/Mark4.7/data/test/others_test_114.wav,others
/content/drive/MyDrive/AImodels/codes/experiments/Mark4.7/data/test/others_test_115.wav,others
/content/drive/MyDrive/AImodels/codes/experiments/Mark4.7/data/test/others_test_116.wav,others
/content/drive/MyDrive/AImodels/codes/experiments/Mark4.7/data/test/others_test_117.wav,others
/content/drive/MyDrive/AImodels/codes/experiments/Mark4.7/data/test/others_test_118.wav,others
/content/drive/MyDrive/AImodels/codes/experiments/Mark4.7/data/test/others_test_119.wav,others
/content/drive/MyDrive/AImodels/codes/experiments/Mark4.7/data/test/others_test_120.wav,others
/content/drive/MyDrive/AImodels/codes/experiments/Mark4.7/data/test/others_test_121.wav,others
/content/drive/MyDrive/AImodels/codes/experiments/Mark4.7/data/test/others_test_122.wav,others
/content/drive/MyDrive/AImodels/codes/experiments/Mark4.7/data/test/others_test_123.wav,others
/content/drive/MyDrive/AImodels/codes/experiments/Mark4.7/data/test/others_test_124.wav,others
/content/drive/MyDrive/AImodels/codes/experiments/Mark4.7/data/test/others_test_125.wav,others
/content/drive/MyDrive/AImodels/codes/experiments/Mark4.7/data/test/others_test_126.wav,others
/content/drive/MyDrive/AImodels/codes/experiments/Mark4.7/data/test/others_test_127.wav,others
/content/drive/MyDrive/AImodels/codes/experiments/Mark4.7/data/test/others_test_128.wav,others
/content/drive/MyDrive/AImodels/codes/experiments/Mark4.7/data/test/others_test_129.wav,others
/content/drive/MyDrive/AImodels/codes/experiments/Mark4.7/data/test/others_test_130.wav,others
/content/drive/MyDrive/AImodels/codes/experiments/Mark4.7/data/test/others_test_131.wav,others
/content/drive/MyDrive/AImodels/codes/experiments/Mark4.7/data/test/others_test_132.wav,others
/content/drive/MyDrive/AImodels/codes/experiments/Mark4.7/data/test/others_test_133.wav,others
/content/drive/MyDrive/AImodels/codes/experiments/Mark4.7/data/test/others_test_134.wav,others
/content/drive/MyDrive/AImodels/codes/experiments/Mark4.7/data/test/others_test_135.wav,others
/content/drive/MyDrive/AImodels/codes/experiments/Mark4.7/data/test/others_test_136.wav,others
/content/drive/MyDrive/AImodels/codes/experiments/Mark4.7/data/test/others_test_137.wav,others
/content/drive/MyDrive/AImodels/codes/experiments/Mark4.7/data/test/others_test_138.wav,others
/content/drive/MyDrive/AImodels/codes/experiments/Mark4.7/data/test/others_test_139.wav,others
/content/drive/MyDrive/AImodels/codes/experiments/Mark4.7/data/test/others_test_140.wav,others
/content/drive/MyDrive/AImodels/codes/experiments/Mark4.7/data/test/others_test_141.wav,others
/content/drive/MyDrive/AImodels/codes/experiments/Mark4.7/data/test/others_test_142.wav,others
/content/drive/MyDrive/AImodels/codes/experiments/Mark4.7/data/test/others_test_143.wav,others
/content/drive/MyDrive/AImodels/codes/experiments/Mark4.7/data/test/others_test_144.wav,others
/content/drive/MyDrive/AImodels/codes/experiments/Mark4.7/data/test/others_test_145.wav,others
/content/drive/MyDrive/AImodels/codes/experiments/Mark4.7/data/test/others_test_146.wav,others
/content/drive/MyDrive/AImodels/codes/experiments/Mark4.7/data/test/others_test_147.wav,others
/content/drive/MyDrive/AImodels/codes/experiments/Mark4.7/data/test/others_test_148.wav,others
/content/drive/MyDrive/AImodels/codes/experiments/Mark4.7/data/test/others_test_149.wav,others
/content/drive/MyDrive/AImodels/codes/experiments/Mark4.7/data/test/others_test_150.wav,others
/content/drive/MyDrive/AImodels/codes/experiments/Mark4.7/data/test/others_test_151.wav,others
/content/drive/MyDrive/AImodels/codes/experiments/Mark4.7/data/test/others_test_152.wav,others
/content/drive/MyDrive/AImodels/codes/experiments/Mark4.7/data/test/others_test_153.wav,others
/content/drive/MyDrive/AImodels/codes/experiments/Mark4.7/data/test/others_test_154.wav,others
/content/drive/MyDrive/AImodels/codes/experiments/Mark4.7/data/test/others_test_155.wav,others
/content/drive/MyDrive/AImodels/codes/experiments/Mark4.7/data/test/others_test_156.wav,others
/content/drive/MyDrive/AImodels/codes/experiments/Mark4.7/data/test/others_test_157.wav,others
/content/drive/MyDrive/AImodels/codes/experiments/Mark4.7/data/test/others_test_158.wav,others
/content/drive/MyDrive/AImodels/codes/experiments/Mark4.7/data/test/others_test_159.wav,others
/content/drive/MyDrive/AImodels/codes/experiments/Mark4.7/data/test/others_test_160.wav,others
/content/drive/MyDrive/AImodels/codes/experiments/Mark4.7/data/test/others_test_161.wav,others
/content/drive/MyDrive/AImodels/codes/experiments/Mark4.7/data/test/others_test_162.wav,others
/content/drive/MyDrive/AImodels/codes/experiments/Mark4.7/data/test/others_test_163.wav,others
/content/drive/MyDrive/AImodels/codes/experiments/Mark4.7/data/test/others_test_164.wav,others
/content/drive/MyDrive/AImodels/codes/experiments/Mark4.7/data/test/others_test_165.wav,others
/content/drive/MyDrive/AImodels/codes/experiments/Mark4.7/data/test/others_test_166.wav,others
/content/drive/MyDrive/AImodels/codes/experiments/Mark4.7/data/test/others_test_167.wav,others
/content/drive/MyDrive/AImodels/codes/experiments/Mark4.7/data/test/others_test_168.wav,others
/content/drive/MyDrive/AImodels/codes/experiments/Mark4.7/data/test/others_test_169.wav,others
/content/drive/MyDrive/AImodels/codes/experiments/Mark4.7/data/test/others_test_170.wav,others
/content/drive/MyDrive/AImodels/codes/experiments/Mark4.7/data/test/others_test_171.wav,others
/content/drive/MyDrive/AImodels/codes/experiments/Mark4.7/data/test/others_test_172.wav,others
/content/drive/MyDrive/AImodels/codes/experiments/Mark4.7/data/test/others_test_173.wav,others
/content/drive/MyDrive/AImodels/codes/experiments/Mark4.7/data/test/others_test_174.wav,others
/content/drive/MyDrive/AImodels/codes/experiments/Mark4.7/data/test/others_test_175.wav,others
/content/drive/MyDrive/AImodels/codes/experiments/Mark4.7/data/test/others_test_176.wav,others
/content/drive/MyDrive/AImodels/codes/experiments/Mark4.7/data/test/others_test_177.wav,others
/content/drive/MyDrive/AImodels/codes/experiments/Mark4.7/data/test/others_test_178.wav,others
/content/drive/MyDrive/AImodels/codes/experiments/Mark4.7/data/test/others_test_179.wav,others
/content/drive/MyDrive/AImodels/codes/experiments/Mark4.7/data/test/others_test_180.wav,others
/content/drive/MyDrive/AImodels/codes/experiments/Mark4.7/data/test/others_test_181.wav,others
/content/drive/MyDrive/AImodels/codes/experiments/Mark4.7/data/test/others_test_182.wav,others
/content/drive/MyDrive/AImodels/codes/experiments/Mark4.7/data/test/others_test_183.wav,others
/content/drive/MyDrive/AImodels/codes/experiments/Mark4.7/data/test/others_test_184.wav,others
/content/drive/MyDrive/AImodels/codes/experiments/Mark4.7/data/test/others_test_185.wav,others
/content/drive/MyDrive/AImodels/codes/experiments/Mark4.7/data/test/others_test_186.wav,others
/content/drive/MyDrive/AImodels/codes/experiments/Mark4.7/data/test/others_test_187.wav,others
/content/drive/MyDrive/AImodels/codes/experiments/Mark4.7/data/test/others_test_188.wav,others
/content/drive/MyDrive/AImodels/codes/experiments/Mark4.7/data/test/others_test_189.wav,others
/content/drive/MyDrive/AImodels/codes/experiments/Mark4.7/data/test/others_test_190.wav,others
/content/drive/MyDrive/AImodels/codes/experiments/Mark4.7/data/test/others_test_191.wav,others
/content/drive/MyDrive/AImodels/codes/experiments/Mark4.7/data/test/others_test_192.wav,others
/content/drive/MyDrive/AImodels/codes/experiments/Mark4.7/data/test/others_test_193.wav,others
/content/drive/MyDrive/AImodels/codes/experiments/Mark4.7/data/test/others_test_194.wav,others
/content/drive/MyDrive/AImodels/codes/experiments/Mark4.7/data/test/others_test_195.wav,others
/content/drive/MyDrive/AImodels/codes/experiments/Mark4.7/data/test/others_test_196.wav,others
/content/drive/MyDrive/AImodels/codes/experiments/Mark4.7/data/test/others_test_197.wav,others
/content/drive/MyDrive/AImodels/codes/experiments/Mark4.7/data/test/others_test_198.wav,others
/content/drive/MyDrive/AImodels/codes/experiments/Mark4.7/data/test/others_test_199.wav,others
/content/drive/MyDrive/AImodels/codes/experiments/Mark4.7/data/test/others_test_200.wav,others
/content/drive/MyDrive/AImodels/codes/experiments/Mark4.7/data/test/others_test_201.wav,others
/content/drive/MyDrive/AImodels/codes/experiments/Mark4.7/data/test/others_test_202.wav,others
/content/drive/MyDrive/AImodels/codes/experiments/Mark4.7/data/test/others_test_203.wav,others
/content/drive/MyDrive/AImodels/codes/experiments/Mark4.7/data/test/others_test_204.wav,others
/content/drive/MyDrive/AImodels/codes/experiments/Mark4.7/data/test/others_test_205.wav,others
/content/drive/MyDrive/AImodels/codes/experiments/Mark4.7/data/test/others_test_206.wav,others
/content/drive/MyDrive/AImodels/codes/experiments/Mark4.7/data/test/others_test_207.wav,others
/content/drive/MyDrive/AImodels/codes/experiments/Mark4.7/data/test/others_test_208.wav,others
/content/drive/MyDrive/AImodels/codes/experiments/Mark4.7/data/test/others_test_209.wav,others
/content/drive/MyDrive/AImodels/codes/experiments/Mark4.7/data/test/others_test_210.wav,others
/content/drive/MyDrive/AImodels/codes/experiments/Mark4.7/data/test/others_test_211.wav,others
/content/drive/MyDrive/AImodels/codes/experiments/Mark4.7/data/test/others_test_212.wav,others
/content/drive/MyDrive/AImodels/codes/experiments/Mark4.7/data/test/others_test_213.wav,others
/content/drive/MyDrive/AImodels/codes/experiments/Mark4.7/data/test/others_test_214.wav,others
/content/drive/MyDrive/AImodels/codes/experiments/Mark4.7/data/test/others_test_215.wav,others
/content/drive/MyDrive/AImodels/codes/experiments/Mark4.7/data/test/water_shower_test_001.wav,water_shower
/content/drive/MyDrive/AImodels/codes/experiments/Mark4.7/data/test/water_shower_test_002.wav,water_shower
/content/drive/MyDrive/AImodels/codes/experiments/Mark4.7/data/test/water_shower_test_003.wav,water_shower
/content/drive/MyDrive/AImodels/codes/experiments/Mark4.7/data/test/water_shower_test_004.wav,water_shower
/content/drive/MyDrive/AImodels/codes/experiments/Mark4.7/data/test/water_shower_test_005.wav,water_shower
/content/drive/MyDrive/AImodels/codes/experiments/Mark4.7/data/test/water_shower_test_006.wav,water_shower
/content/drive/MyDrive/AImodels/codes/experiments/Mark4.7/data/test/water_shower_test_007.wav,water_shower
/content/drive/MyDrive/AImodels/codes/experiments/Mark4.7/data/test/water_shower_test_008.wav,water_shower
/content/drive/MyDrive/AImodels/codes/experiments/Mark4.7/data/test/water_shower_test_009.wav,water_shower
/content/drive/MyDrive/AImodels/codes/experiments/Mark4.7/data/test/water_shower_test_010.wav,water_shower
/content/drive/MyDrive/AImodels/codes/experiments/Mark4.7/data/test/water_shower_test_011.wav,water_shower
/content/drive/MyDrive/AImodels/codes/experiments/Mark4.7/data/test/water_shower_test_012.wav,water_shower
/content/drive/MyDrive/AImodels/codes/experiments/Mark4.7/data/test/water_shower_test_013.wav,water_shower
/content/drive/MyDrive/AImodels/codes/experiments/Mark4.7/data/test/water_shower_test_014.wav,water_shower
/content/drive/MyDrive/AImodels/codes/experiments/Mark4.7/data/test/water_shower_test_015.wav,water_shower
/content/drive/MyDrive/AImodels/codes/experiments/Mark4.7/data/test/water_shower_test_016.wav,water_shower
/content/drive/MyDrive/AImodels/codes/experiments/Mark4.7/data/test/water_shower_test_017.wav,water_shower
/content/drive/MyDrive/AImodels/codes/experiments/Mark4.7/data/test/water_shower_test_018.wav,water_shower
/content/drive/MyDrive/AImodels/codes/experiments/Mark4.7/data/test/water_shower_test_019.wav,water_shower
/content/drive/MyDrive/AImodels/codes/experiments/Mark4.7/data/test/water_shower_test_020.wav,water_shower
/content/drive/MyDrive/AImodels/codes/experiments/Mark4.7/data/test/water_shower_test_021.wav,water_shower
/content/drive/MyDrive/AImodels/codes/experiments/Mark4.7/data/test/water_shower_test_022.wav,water_shower
/content/drive/MyDrive/AImodels/codes/experiments/Mark4.7/data/test/water_shower_test_023.wav,water_shower
/content/drive/MyDrive/AImodels/codes/experiments/Mark4.7/data/test/water_shower_test_024.wav,water_shower
/content/drive/MyDrive/AImodels/codes/experiments/Mark4.7/data/test/water_shower_test_025.wav,water_shower
/content/drive/MyDrive/AImodels/codes/experiments/Mark4.7/data/test/water_shower_test_026.wav,water_shower
/content/drive/MyDrive/AImodels/codes/experiments/Mark4.7/data/test/water_shower_test_027.wav,water_shower
/content/drive/MyDrive/AImodels/codes/experiments/Mark4.7/data/test/water_shower_test_028.wav,water_shower
/content/drive/MyDrive/AImodels/codes/experiments/Mark4.7/data/test/water_shower_test_029.wav,water_shower
/content/drive/MyDrive/AImodels/codes/experiments/Mark4.7/data/test/water_shower_test_030.wav,water_shower
/content/drive/MyDrive/AImodels/codes/experiments/Mark4.7/data/test/water_shower_test_031.wav,water_shower
/content/drive/MyDrive/AImodels/codes/experiments/Mark4.7/data/test/water_shower_test_032.wav,water_shower
/content/drive/MyDrive/AImodels/codes/experiments/Mark4.7/data/test/water_shower_test_033.wav,water_shower
/content/drive/MyDrive/AImodels/codes/experiments/Mark4.7/data/test/water_shower_test_034.wav,water_shower
/content/drive/MyDrive/AImodels/codes/experiments/Mark4.7/data/test/water_shower_test_035.wav,water_shower
/content/drive/MyDrive/AImodels/codes/experiments/Mark4.7/data/test/water_shower_test_036.wav,water_shower
/content/drive/MyDrive/AImodels/codes/experiments/Mark4.7/data/test/water_shower_test_037.wav,water_shower
/content/drive/MyDrive/AImodels/codes/experiments/Mark4.7/data/test/water_shower_test_038.wav,water_shower
/content/drive/MyDrive/AImodels/codes/experiments/Mark4.7/data/test/water_shower_test_039.wav,water_shower
/content/drive/MyDrive/AImodels/codes/experiments/Mark4.7/data/test/water_shower_test_040.wav,water_shower
/content/drive/MyDrive/AImodels/codes/experiments/Mark4.7/data/test/water_shower_test_041.wav,water_shower
/content/drive/MyDrive/AImodels/codes/experiments/Mark4.7/data/test/water_shower_test_042.wav,water_shower
/content/drive/MyDrive/AImodels/codes/experiments/Mark4.7/data/test/water_shower_test_043.wav,water_shower
/content/drive/MyDrive/AImodels/codes/experiments/Mark4.7/data/test/water_shower_test_044.wav,water_shower
/content/drive/MyDrive/AImodels/codes/experiments/Mark4.7/data/test/water_shower_test_045.wav,water_shower
/content/drive/MyDrive/AImodels/codes/experiments/Mark4.7/data/test/water_shower_test_046.wav,water_shower
/content/drive/MyDrive/AImodels/codes/experiments/Mark4.7/data/test/water_shower_test_047.wav,water_shower
/content/drive/MyDrive/AImodels/codes/experiments/Mark4.7/data/test/water_shower_test_048.wav,water_shower
/content/drive/MyDrive/AImodels/codes/experiments/Mark4.7/data/test/water_shower_test_049.wav,water_shower
/content/drive/MyDrive/AImodels/codes/experiments/Mark4.7/data/test/water_shower_test_050.wav,water_shower
/content/drive/MyDrive/AImodels/codes/experiments/Mark4.7/data/test/water_shower_test_051.wav,water_shower
/content/drive/MyDrive/AImodels/codes/experiments/Mark4.7/data/test/water_shower_test_052.wav,water_shower
/content/drive/MyDrive/AImodels/codes/experiments/Mark4.7/data/test/water_shower_test_053.wav,water_shower
/content/drive/MyDrive/AImodels/codes/experiments/Mark4.7/data/test/water_shower_test_054.wav,water_shower
/content/drive/MyDrive/AImodels/codes/experiments/Mark4.7/data/test/water_shower_test_055.wav,water_shower
/content/drive/MyDrive/AImodels/codes/experiments/Mark4.7/data/test/water_shower_test_056.wav,water_shower
/content/drive/MyDrive/AImodels/codes/experiments/Mark4.7/data/test/water_shower_test_057.wav,water_shower
/content/drive/MyDrive/AImodels/codes/experiments/Mark4.7/data/test/water_shower_test_058.wav,water_shower
/content/drive/MyDrive/AImodels/codes/experiments/Mark4.7/data/test/water_shower_test_059.wav,water_shower
/content/drive/MyDrive/AImodels/codes/experiments/Mark4.7/data/test/water_shower_test_060.wav,water_shower
/content/drive/MyDrive/AImodels/codes/experiments/Mark4.7/data/test/water_shower_test_061.wav,water_shower
/content/drive/MyDrive/AImodels/codes/experiments/Mark4.7/data/test/water_shower_test_062.wav,water_shower
/content/drive/MyDrive/AImodels/codes/experiments/Mark4.7/data/test/water_shower_test_063.wav,water_shower
/content/drive/MyDrive/AImodels/codes/experiments/Mark4.7/data/test/water_shower_test_064.wav,water_shower
/content/drive/MyDrive/AImodels/codes/experiments/Mark4.7/data/test/water_shower_test_065.wav,water_shower
/content/drive/MyDrive/AImodels/codes/experiments/Mark4.7/data/test/water_shower_test_066.wav,water_shower
/content/drive/MyDrive/AImodels/codes/experiments/Mark4.7/data/test/water_shower_test_067.wav,water_shower
/content/drive/MyDrive/AImodels/codes/experiments/Mark4.7/data/test/water_shower_test_068.wav,water_shower
/content/drive/MyDrive/AImodels/codes/experiments/Mark4.7/data/test/water_shower_test_069.wav,water_shower
/content/drive/MyDrive/AImodels/codes/experiments/Mark4.7/data/test/water_shower_test_070.wav,water_shower
/content/drive/MyDrive/AImodels/codes/experiments/Mark4.7/data/test/water_shower_test_071.wav,water_shower
/content/drive/MyDrive/AImodels/codes/experiments/Mark4.7/data/test/water_shower_test_072.wav,water_shower
/content/drive/MyDrive/AImodels/codes/experiments/Mark4.7/data/test/water_shower_test_073.wav,water_shower
/content/drive/MyDrive/AImodels/codes/experiments/Mark4.7/data/test/water_shower_test_074.wav,water_shower
/content/drive/MyDrive/AImodels/codes/experiments/Mark4.7/data/test/water_shower_test_075.wav,water_shower
/content/drive/MyDrive/AImodels/codes/experiments/Mark4.7/data/test/water_shower_test_076.wav,water_shower
/content/drive/MyDrive/AImodels/codes/experiments/Mark4.7/data/test/water_shower_test_077.wav,water_shower
/content/drive/MyDrive/AImodels/codes/experiments/Mark4.7/data/test/water_shower_test_078.wav,water_shower
/content/drive/MyDrive/AImodels/codes/experiments/Mark4.7/data/test/water_shower_test_079.wav,water_shower
/content/drive/MyDrive/AImodels/codes/experiments/Mark4.7/data/test/water_shower_test_080.wav,water_shower
/content/drive/MyDrive/AImodels/codes/experiments/Mark4.7/data/test/water_shower_test_081.wav,water_shower
/content/drive/MyDrive/AImodels/codes/experiments/Mark4.7/data/test/water_shower_test_082.wav,water_shower
/content/drive/MyDrive/AImodels/codes/experiments/Mark4.7/data/test/water_shower_test_083.wav,water_shower
/content/drive/MyDrive/AImodels/codes/experiments/Mark4.7/data/test/water_shower_test_084.wav,water_shower
/content/drive/MyDrive/AImodels/codes/experiments/Mark4.7/data/test/water_shower_test_085.wav,water_shower
/content/drive/MyDrive/AImodels/codes/experiments/Mark4.7/data/test/water_shower_test_086.wav,water_shower
/content/drive/MyDrive/AImodels/codes/experiments/Mark4.7/data/test/water_shower_test_087.wav,water_shower
/content/drive/MyDrive/AImodels/codes/experiments/Mark4.7/data/test/water_shower_test_088.wav,water_shower
/content/drive/MyDrive/AImodels/codes/experiments/Mark4.7/data/test/water_shower_test_089.wav,water_shower
/content/drive/MyDrive/AImodels/codes/experiments/Mark4.7/data/test/water_shower_test_090.wav,water_shower
/content/drive/MyDrive/AImodels/codes/experiments/Mark4.7/data/test/water_shower_test_091.wav,water_shower
/content/drive/MyDrive/AImodels/codes/experiments/Mark4.7/data/test/water_shower_test_092.wav,water_shower
/content/drive/MyDrive/AImodels/codes/experiments/Mark4.7/data/test/water_shower_test_093.wav,water_shower
/content/drive/MyDrive/AImodels/codes/experiments/Mark4.7/data/test/water_shower_test_094.wav,water_shower
/content/drive/MyDrive/AImodels/codes/experiments/Mark4.7/data/test/water_shower_test_095.wav,water_shower
/content/drive/MyDrive/AImodels/codes/experiments/Mark4.7/data/test/water_shower_test_096.wav,water_shower
/content/drive/MyDrive/AImodels/codes/experiments/Mark4.7/data/test/water_shower_test_097.wav,water_shower
/content/drive/MyDrive/AImodels/codes/experiments/Mark4.7/data/test/water_shower_test_098.wav,water_shower
/content/drive/MyDrive/AImodels/codes/experiments/Mark4.7/data/test/water_shower_test_099.wav,water_shower
/content/drive/MyDrive/AImodels/codes/experiments/Mark4.7/data/test/water_shower_test_100.wav,water_shower
/content/drive/MyDrive/AImodels/codes/experiments/Mark4.7/data/test/water_shower_test_101.wav,water_shower
/content/drive/MyDrive/AImodels/codes/experiments/Mark4.7/data/test/water_shower_test_102.wav,water_shower
/content/drive/MyDrive/AImodels/codes/experiments/Mark4.7/data/test/water_shower_test_103.wav,water_shower
/content/drive/MyDrive/AImodels/codes/experiments/Mark4.7/data/test/water_shower_test_104.wav,water_shower
/content/drive/MyDrive/AImodels/codes/experiments/Mark4.7/data/test/water_shower_test_105.wav,water_shower
/content/drive/MyDrive/AImodels/codes/experiments/Mark4.7/data/test/water_shower_test_106.wav,water_shower
/content/drive/MyDrive/AImodels/codes/experiments/Mark4.7/data/test/water_shower_test_107.wav,water_shower
/content/drive/MyDrive/AImodels/codes/experiments/Mark4.7/data/test/water_shower_test_108.wav,water_shower
/content/drive/MyDrive/AImodels/codes/experiments/Mark4.7/data/test/water_shower_test_109.wav,water_shower
/content/drive/MyDrive/AImodels/codes/experiments/Mark4.7/data/test/water_shower_test_110.wav,water_shower
/content/drive/MyDrive/AImodels/codes/experiments/Mark4.7/data/test/water_shower_test_111.wav,water_shower
/content/drive/MyDrive/AImodels/codes/experiments/Mark4.7/data/test/water_shower_test_112.wav,water_shower
/content/drive/MyDrive/AImodels/codes/experiments/Mark4.7/data/test/water_shower_test_113.wav,water_shower
/content/drive/MyDrive/AImodels/codes/experiments/Mark4.7/data/test/water_shower_test_114.wav,water_shower
/content/drive/MyDrive/AImodels/codes/experiments/Mark4.7/data/test/water_shower_test_115.wav,water_shower
/content/drive/MyDrive/AImodels/codes/experiments/Mark4.7/data/test/water_shower_test_116.wav,water_shower
/content/drive/MyDrive/AImodels/codes/experiments/Mark4.7/data/test/water_shower_test_117.wav,water_shower
/content/drive/MyDrive/AImodels/codes/experiments/Mark4.7/data/test/water_shower_test_118.wav,water_shower
/content/drive/MyDrive/AImodels/codes/experiments/Mark4.7/data/test/water_shower_test_119.wav,water_shower
/content/drive/MyDrive/AImodels/codes/experiments/Mark4.7/data/test/water_shower_test_120.wav,water_shower
/content/drive/MyDrive/AImodels/codes/experiments/Mark4.7/data/test/water_shower_test_121.wav,water_shower
/content/drive/MyDrive/AImodels/codes/experiments/Mark4.7/data/test/water_shower_test_122.wav,water_shower
/content/drive/MyDrive/AImodels/codes/experiments/Mark4.7/data/test/water_shower_test_123.wav,water_shower
/content/drive/MyDrive/AImodels/codes/experiments/Mark4.7/data/test/water_shower_test_124.wav,water_shower
/content/drive/MyDrive/AImodels/codes/experiments/Mark4.7/data/test/water_shower_test_125.wav,water_shower
/content/drive/MyDrive/AImodels/codes/experiments/Mark4.7/data/test/water_shower_test_126.wav,water_shower
/content/drive/MyDrive/AImodels/codes/experiments/Mark4.7/data/test/water_shower_test_127.wav,water_shower
/content/drive/MyDrive/AImodels/codes/experiments/Mark4.7/data/test/water_shower_test_128.wav,water_shower
/content/drive/MyDrive/AImodels/codes/experiments/Mark4.7/data/test/water_shower_test_129.wav,water_shower
/content/drive/MyDrive/AImodels/codes/experiments/Mark4.7/data/test/water_shower_test_130.wav,water_shower
/content/drive/MyDrive/AImodels/codes/experiments/Mark4.7/data/test/water_shower_test_131.wav,water_shower
/content/drive/MyDrive/AImodels/codes/experiments/Mark4.7/data/test/water_shower_test_132.wav,water_shower
/content/drive/MyDrive/AImodels/codes/experiments/Mark4.7/data/test/water_shower_test_133.wav,water_shower
/content/drive/MyDrive/AImodels/codes/experiments/Mark4.7/data/test/water_shower_test_134.wav,water_shower
/content/drive/MyDrive/AImodels/codes/experiments/Mark4.7/data/test/water_shower_test_135.wav,water_shower
/content/drive/MyDrive/AImodels/codes/experiments/Mark4.7/data/test/water_shower_test_136.wav,water_shower
/content/drive/MyDrive/AImodels/codes/experiments/Mark4.7/data/test/water_shower_test_137.wav,water_shower
/content/drive/MyDrive/AImodels/codes/experiments/Mark4.7/data/test/water_shower_test_138.wav,water_shower
/content/drive/MyDrive/AImodels/codes/experiments/Mark4.7/data/test/water_shower_test_139.wav,water_shower
/content/drive/MyDrive/AImodels/codes/experiments/Mark4.7/data/test/water_shower_test_140.wav,water_shower
/content/drive/MyDrive/AImodels/codes/experiments/Mark4.7/data/test/water_shower_test_141.wav,water_shower
/content/drive/MyDrive/AImodels/codes/experiments/Mark4.7/data/test/water_shower_test_142.wav,water_shower
/content/drive/MyDrive/AImodels/codes/experiments/Mark4.7/data/test/water_shower_test_143.wav,water_shower
/content/drive/MyDrive/AImodels/codes/experiments/Mark4.7/data/test/water_shower_test_144.wav,water_shower
/content/drive/MyDrive/AImodels/codes/experiments/Mark4.7/data/test/water_shower_test_145.wav,water_shower
/content/drive/MyDrive/AImodels/codes/experiments/Mark4.7/data/test/water_shower_test_146.wav,water_shower
/content/drive/MyDrive/AImodels/codes/experiments/Mark4.7/data/test/water_shower_test_147.wav,water_shower
/content/drive/MyDrive/AImodels/codes/experiments/Mark4.7/data/test/water_shower_test_148.wav,water_shower
/content/drive/MyDrive/AImodels/codes/experiments/Mark4.7/data/test/water_shower_test_149.wav,water_shower
/content/drive/MyDrive/AImodels/codes/experiments/Mark4.7/data/test/water_shower_test_150.wav,water_shower
/content/drive/MyDrive/AImodels/codes/experiments/Mark4.7/data/test/water_shower_test_151.wav,water_shower
/content/drive/MyDrive/AImodels/codes/experiments/Mark4.7/data/test/water_shower_test_152.wav,water_shower
/content/drive/MyDrive/AImodels/codes/experiments/Mark4.7/data/test/water_shower_test_153.wav,water_shower
/content/drive/MyDrive/AImodels/codes/experiments/Mark4.7/data/test/water_shower_test_154.wav,water_shower
/content/drive/MyDrive/AImodels/codes/experiments/Mark4.7/data/test/water_shower_test_155.wav,water_shower
/content/drive/MyDrive/AImodels/codes/experiments/Mark4.7/data/test/water_shower_test_156.wav,water_shower
/content/drive/MyDrive/AImodels/codes/experiments/Mark4.7/data/test/water_shower_test_157.wav,water_shower
/content/drive/MyDrive/AImodels/codes/experiments/Mark4.7/data/test/water_shower_test_158.wav,water_shower
/content/drive/MyDrive/AImodels/codes/experiments/Mark4.7/data/test/water_shower_test_159.wav,water_shower
/content/drive/MyDrive/AImodels/codes/experiments/Mark4.7/data/test/water_shower_test_160.wav,water_shower
/content/drive/MyDrive/AImodels/codes/experiments/Mark4.7/data/test/water_shower_test_161.wav,water_shower
/content/drive/MyDrive/AImodels/codes/experiments/Mark4.7/data/test/water_shower_test_162.wav,water_shower
/content/drive/MyDrive/AImodels/codes/experiments/Mark4.7/data/test/water_shower_test_163.wav,water_shower
/content/drive/MyDrive/AImodels/codes/experiments/Mark4.7/data/test/water_shower_test_164.wav,water_shower
/content/drive/MyDrive/AImodels/codes/experiments/Mark4.7/data/test/water_shower_test_165.wav,water_shower
/content/drive/MyDrive/AImodels/codes/experiments/Mark4.7/data/test/water_shower_test_166.wav,water_shower
/content/drive/MyDrive/AImodels/codes/experiments/Mark4.7/data/test/water_shower_test_167.wav,water_shower
/content/drive/MyDrive/AImodels/codes/experiments/Mark4.7/data/test/water_shower_test_168.wav,water_shower
/content/drive/MyDrive/AImodels/codes/experiments/Mark4.7/data/test/water_shower_test_169.wav,water_shower
/content/drive/MyDrive/AImodels/codes/experiments/Mark4.7/data/test/water_shower_test_170.wav,water_shower
/content/drive/MyDrive/AImodels/codes/experiments/Mark4.7/data/test/water_shower_test_171.wav,water_shower
/content/drive/MyDrive/AImodels/codes/experiments/Mark4.7/data/test/water_shower_test_172.wav,water_shower
/content/drive/MyDrive/AImodels/codes/experiments/Mark4.7/data/test/water_shower_test_173.wav,water_shower
/content/drive/MyDrive/AImodels/codes/experiments/Mark4.7/data/test/water_shower_test_174.wav,water_shower
/content/drive/MyDrive/AImodels/codes/experiments/Mark4.7/data/test/water_shower_test_175.wav,water_shower
/content/drive/MyDrive/AImodels/codes/experiments/Mark4.7/data/test/water_shower_test_176.wav,water_shower
/content/drive/MyDrive/AImodels/codes/experiments/Mark4.7/data/test/water_shower_test_177.wav,water_shower
/content/drive/MyDrive/AImodels/codes/experiments/Mark4.7/data/test/water_shower_test_178.wav,water_shower
/content/drive/MyDrive/AImodels/codes/experiments/Mark4.7/data/test/water_shower_test_179.wav,water_shower
/content/drive/MyDrive/AImodels/codes/experiments/Mark4.7/data/test/water_shower_test_180.wav,water_shower
/content/drive/MyDrive/AImodels/codes/experiments/Mark4.7/data/test/water_shower_test_181.wav,water_shower
/content/drive/MyDrive/AImodels/codes/experiments/Mark4.7/data/test/water_shower_test_182.wav,water_shower
/content/drive/MyDrive/AImodels/codes/experiments/Mark4.7/data/test/water_shower_test_183.wav,water_shower
/content/drive/MyDrive/AImodels/codes/experiments/Mark4.7/data/test/water_shower_test_184.wav,water_shower
/content/drive/MyDrive/AImodels/codes/experiments/Mark4.7/data/test/water_shower_test_185.wav,water_shower
/content/drive/MyDrive/AImodels/codes/experiments/Mark4.7/data/test/water_shower_test_186.wav,water_shower
/content/drive/MyDrive/AImodels/codes/experiments/Mark4.7/data/test/water_shower_test_187.wav,water_shower
/content/drive/MyDrive/AImodels/codes/experiments/Mark4.7/data/test/water_shower_test_188.wav,water_shower
/content/drive/MyDrive/AImodels/codes/experiments/Mark4.7/data/test/water_shower_test_189.wav,water_shower
/content/drive/MyDrive/AImodels/codes/experiments/Mark4.7/data/test/water_shower_test_190.wav,water_shower
/content/drive/MyDrive/AImodels/codes/experiments/Mark4.7/data/test/water_shower_test_191.wav,water_shower
/content/drive/MyDrive/AImodels/codes/experiments/Mark4.7/data/test/water_shower_test_192.wav,water_shower
/content/drive/MyDrive/AImodels/codes/experiments/Mark4.7/data/test/water_shower_test_193.wav,water_shower
/content/drive/MyDrive/AImodels/codes/experiments/Mark4.7/data/test/water_shower_test_194.wav,water_shower
/content/drive/MyDrive/AImodels/codes/experiments/Mark4.7/data/test/water_shower_test_195.wav,water_shower
/content/drive/MyDrive/AImodels/codes/experiments/Mark4.7/data/test/water_shower_test_196.wav,water_shower
/content/drive/MyDrive/AImodels/codes/experiments/Mark4.7/data/test/water_shower_test_197.wav,water_shower
/content/drive/MyDrive/AImodels/codes/experiments/Mark4.7/data/test/water_shower_test_198.wav,water_shower
/content/drive/MyDrive/AImodels/codes/experiments/Mark4.7/data/test/water_shower_test_199.wav,water_shower
/content/drive/MyDrive/AImodels/codes/experiments/Mark4.7/data/test/water_shower_test_200.wav,water_shower
/content/drive/MyDrive/AImodels/codes/experiments/Mark4.7/data/test/water_shower_test_201.wav,water_shower
/content/drive/MyDrive/AImodels/codes/experiments/Mark4.7/data/test/water_shower_test_202.wav,water_shower
/content/drive/MyDrive/AImodels/codes/experiments/Mark4.7/data/test/water_shower_test_203.wav,water_shower
/content/drive/MyDrive/AImodels/codes/experiments/Mark4.7/data/test/water_shower_test_204.wav,water_shower
/content/drive/MyDrive/AImodels/codes/experiments/Mark4.7/data/test/water_shower_test_205.wav,water_shower
/content/drive/MyDrive/AImodels/codes/experiments/Mark4.7/data/test/water_shower_test_206.wav,water_shower
/content/drive/MyDrive/AImodels/codes/experiments/Mark4.7/data/test/water_shower_test_207.wav,water_shower
/content/drive/MyDrive/AImodels/codes/experiments/Mark4.7/data/test/water_shower_test_208.wav,water_shower
/content/drive/MyDrive/AImodels/codes/experiments/Mark4.7/data/test/water_shower_test_209.wav,water_shower
/content/drive/MyDrive/AImodels/codes/experiments/Mark4.7/data/test/water_shower_test_210.wav,water_shower
/content/drive/MyDrive/AImodels/codes/experiments/Mark4.7/data/test/water_shower_test_211.wav,water_shower
/content/drive/MyDrive/AImodels/codes/experiments/Mark4.7/data/test/water_shower_test_212.wav,water_shower
/content/drive/MyDrive/AImodels/codes/experiments/Mark4.7/data/test/water_shower_test_213.wav,water_shower
/content/drive/MyDrive/AImodels/codes/experiments/Mark4.7/data/test/water_shower_test_214.wav,water_shower
/content/drive/MyDrive/AImodels/codes/experiments/Mark4.7/data/test/water_shower_test_215.wav,water_shower
/content/drive/MyDrive/AImodels/codes/experiments/Mark4.7/data/train/others_train_001.wav,others
/content/drive/MyDrive/AImodels/codes/experiments/Mark4.7/data/train/others_train_002.wav,others
/content/drive/MyDrive/AImodels/codes/experiments/Mark4.7/data/train/others_train_003.wav,others
/content/drive/MyDrive/AImodels/codes/experiments/Mark4.7/data/train/others_train_004.wav,others
/content/drive/MyDrive/AImodels/codes/experiments/Mark4.7/data/train/others_train_005.wav,others
/content/drive/MyDrive/AImodels/codes/experiments/Mark4.7/data/train/others_train_006.wav,others
/content/drive/MyDrive/AImodels/codes/experiments/Mark4.7/data/train/others_train_007.wav,others
/content/drive/MyDrive/AImodels/codes/experiments/Mark4.7/data/train/others_train_008.wav,others
/content/drive/MyDrive/AImodels/codes/experiments/Mark4.7/data/train/others_train_009.wav,others
/content/drive/MyDrive/AImodels/codes/experiments/Mark4.7/data/train/others_train_010.wav,others
/content/drive/MyDrive/AImodels/codes/experiments/Mark4.7/data/train/others_train_011.wav,others
/content/drive/MyDrive/AImodels/codes/experiments/Mark4.7/data/train/others_train_012.wav,others
/content/drive/MyDrive/AImodels/codes/experiments/Mark4.7/data/train/others_train_013.wav,others
/content/drive/MyDrive/AImodels/codes/experiments/Mark4.7/data/train/others_train_014.wav,others
/content/drive/MyDrive/AImodels/codes/experiments/Mark4.7/data/train/others_train_015.wav,others
/content/drive/MyDrive/AImodels/codes/experiments/Mark4.7/data/train/others_train_016.wav,others
/content/drive/MyDrive/AImodels/codes/experiments/Mark4.7/data/train/others_train_017.wav,others
/content/drive/MyDrive/AImodels/codes/experiments/Mark4.7/data/train/others_train_018.wav,others
/content/drive/MyDrive/AImodels/codes/experiments/Mark4.7/data/train/others_train_019.wav,others
/content/drive/MyDrive/AImodels/codes/experiments/Mark4.7/data/train/others_train_020.wav,others
/content/drive/MyDrive/AImodels/codes/experiments/Mark4.7/data/train/others_train_021.wav,others
/content/drive/MyDrive/AImodels/codes/experiments/Mark4.7/data/train/others_train_022.wav,others
/content/drive/MyDrive/AImodels/codes/experiments/Mark4.7/data/train/others_train_023.wav,others
/content/drive/MyDrive/AImodels/codes/experiments/Mark4.7/data/train/others_train_024.wav,others
/content/drive/MyDrive/AImodels/codes/experiments/Mark4.7/data/train/others_train_025.wav,others
/content/drive/MyDrive/AImodels/codes/experiments/Mark4.7/data/train/others_train_026.wav,others
/content/drive/MyDrive/AImodels/codes/experiments/Mark4.7/data/train/others_train_027.wav,others
/content/drive/MyDrive/AImodels/codes/experiments/Mark4.7/data/train/others_train_028.wav,others
/content/drive/MyDrive/AImodels/codes/experiments/Mark4.7/data/train/others_train_029.wav,others
/content/drive/MyDrive/AImodels/codes/experiments/Mark4.7/data/train/others_train_030.wav,others
/content/drive/MyDrive/AImodels/codes/experiments/Mark4.7/data/train/others_train_031.wav,others
/content/drive/MyDrive/AImodels/codes/experiments/Mark4.7/data/train/others_train_032.wav,others
/content/drive/MyDrive/AImodels/codes/experiments/Mark4.7/data/train/others_train_033.wav,others
/content/drive/MyDrive/AImodels/codes/experiments/Mark4.7/data/train/others_train_034.wav,others
/content/drive/MyDrive/AImodels/codes/experiments/Mark4.7/data/train/others_train_035.wav,others
/content/drive/MyDrive/AImodels/codes/experiments/Mark4.7/data/train/others_train_036.wav,others
/content/drive/MyDrive/AImodels/codes/experiments/Mark4.7/data/train/others_train_037.wav,others
/content/drive/MyDrive/AImodels/codes/experiments/Mark4.7/data/train/others_train_038.wav,others
/content/drive/MyDrive/AImodels/codes/experiments/Mark4.7/data/train/others_train_039.wav,others
/content/drive/MyDrive/AImodels/codes/experiments/Mark4.7/data/train/others_train_040.wav,others
/content/drive/MyDrive/AImodels/codes/experiments/Mark4.7/data/train/others_train_041.wav,others
/content/drive/MyDrive/AImodels/codes/experiments/Mark4.7/data/train/others_train_042.wav,others
/content/drive/MyDrive/AImodels/codes/experiments/Mark4.7/data/train/others_train_043.wav,others
/content/drive/MyDrive/AImodels/codes/experiments/Mark4.7/data/train/others_train_044.wav,others
/content/drive/MyDrive/AImodels/codes/experiments/Mark4.7/data/train/others_train_045.wav,others
/content/drive/MyDrive/AImodels/codes/experiments/Mark4.7/data/train/others_train_046.wav,others
/content/drive/MyDrive/AImodels/codes/experiments/Mark4.7/data/train/others_train_047.wav,others
/content/drive/MyDrive/AImodels/codes/experiments/Mark4.7/data/train/others_train_048.wav,others
/content/drive/MyDrive/AImodels/codes/experiments/Mark4.7/data/train/others_train_049.wav,others
/content/drive/MyDrive/AImodels/codes/experiments/Mark4.7/data/train/others_train_050.wav,others
/content/drive/MyDrive/AImodels/codes/experiments/Mark4.7/data/train/others_train_051.wav,others
/content/drive/MyDrive/AImodels/codes/experiments/Mark4.7/data/train/others_train_052.wav,others
/content/drive/MyDrive/AImodels/codes/experiments/Mark4.7/data/train/others_train_053.wav,others
/content/drive/MyDrive/AImodels/codes/experiments/Mark4.7/data/train/others_train_054.wav,others
/content/drive/MyDrive/AImodels/codes/experiments/Mark4.7/data/train/others_train_055.wav,others
/content/drive/MyDrive/AImodels/codes/experiments/Mark4.7/data/train/others_train_056.wav,others
/content/drive/MyDrive/AImodels/codes/experiments/Mark4.7/data/train/others_train_057.wav,others
/content/drive/MyDrive/AImodels/codes/experiments/Mark4.7/data/train/others_train_058.wav,others
/content/drive/MyDrive/AImodels/codes/experiments/Mark4.7/data/train/others_train_059.wav,others
/content/drive/MyDrive/AImodels/codes/experiments/Mark4.7/data/train/others_train_060.wav,others
/content/drive/MyDrive/AImodels/codes/experiments/Mark4.7/data/train/others_train_061.wav,others
/content/drive/MyDrive/AImodels/codes/experiments/Mark4.7/data/train/others_train_062.wav,others
/content/drive/MyDrive/AImodels/codes/experiments/Mark4.7/data/train/others_train_063.wav,others
/content/drive/MyDrive/AImodels/codes/experiments/Mark4.7/data/train/others_train_064.wav,others
/content/drive/MyDrive/AImodels/codes/experiments/Mark4.7/data/train/others_train_065.wav,others
/content/drive/MyDrive/AImodels/codes/experiments/Mark4.7/data/train/others_train_066.wav,others
/content/drive/MyDrive/AImodels/codes/experiments/Mark4.7/data/train/others_train_067.wav,others
/content/drive/MyDrive/AImodels/codes/experiments/Mark4.7/data/train/others_train_068.wav,others
/content/drive/MyDrive/AImodels/codes/experiments/Mark4.7/data/train/others_train_069.wav,others
/content/drive/MyDrive/AImodels/codes/experiments/Mark4.7/data/train/others_train_070.wav,others
/content/drive/MyDrive/AImodels/codes/experiments/Mark4.7/data/train/others_train_071.wav,others
/content/drive/MyDrive/AImodels/codes/experiments/Mark4.7/data/train/others_train_072.wav,others
/content/drive/MyDrive/AImodels/codes/experiments/Mark4.7/data/train/others_train_073.wav,others
/content/drive/MyDrive/AImodels/codes/experiments/Mark4.7/data/train/others_train_074.wav,others
/content/drive/MyDrive/AImodels/codes/experiments/Mark4.7/data/train/others_train_075.wav,others
/content/drive/MyDrive/AImodels/codes/experiments/Mark4.7/data/train/others_train_076.wav,others
/content/drive/MyDrive/AImodels/codes/experiments/Mark4.7/data/train/others_train_077.wav,others
/content/drive/MyDrive/AImodels/codes/experiments/Mark4.7/data/train/others_train_078.wav,others
/content/drive/MyDrive/AImodels/codes/experiments/Mark4.7/data/train/others_train_079.wav,others
/content/drive/MyDrive/AImodels/codes/experiments/Mark4.7/data/train/others_train_080.wav,others
/content/drive/MyDrive/AImodels/codes/experiments/Mark4.7/data/train/others_train_081.wav,others
/content/drive/MyDrive/AImodels/codes/experiments/Mark4.7/data/train/others_train_082.wav,others
/content/drive/MyDrive/AImodels/codes/experiments/Mark4.7/data/train/others_train_083.wav,others
/content/drive/MyDrive/AImodels/codes/experiments/Mark4.7/data/train/others_train_084.wav,others
/content/drive/MyDrive/AImodels/codes/experiments/Mark4.7/data/train/others_train_085.wav,others
/content/drive/MyDrive/AImodels/codes/experiments/Mark4.7/data/train/others_train_086.wav,others
/content/drive/MyDrive/AImodels/codes/experiments/Mark4.7/data/train/others_train_087.wav,others
/content/drive/MyDrive/AImodels/codes/experiments/Mark4.7/data/train/others_train_088.wav,others
/content/drive/MyDrive/AImodels/codes/experiments/Mark4.7/data/train/others_train_089.wav,others
/content/drive/MyDrive/AImodels/codes/experiments/Mark4.7/data/train/others_train_090.wav,others
/content/drive/MyDrive/AImodels/codes/experiments/Mark4.7/data/train/others_train_091.wav,others
/content/drive/MyDrive/AImodels/codes/experiments/Mark4.7/data/train/others_train_092.wav,others
/content/drive/MyDrive/AImodels/codes/experiments/Mark4.7/data/train/others_train_093.wav,others
/content/drive/MyDrive/AImodels/codes/experiments/Mark4.7/data/train/others_train_094.wav,others
/content/drive/MyDrive/AImodels/codes/experiments/Mark4.7/data/train/others_train_095.wav,others
/content/drive/MyDrive/AImodels/codes/experiments/Mark4.7/data/train/others_train_096.wav,others
/content/drive/MyDrive/AImodels/codes/experiments/Mark4.7/data/train/others_train_097.wav,others
/content/drive/MyDrive/AImodels/codes/experiments/Mark4.7/data/train/others_train_098.wav,others
/content/drive/MyDrive/AImodels/codes/experiments/Mark4.7/data/train/others_train_099.wav,others
/content/drive/MyDrive/AImodels/codes/experiments/Mark4.7/data/train/others_train_100.wav,others
/content/drive/MyDrive/AImodels/codes/experiments/Mark4.7/data/train/others_train_101.wav,others
/content/drive/MyDrive/AImodels/codes/experiments/Mark4.7/data/train/others_train_102.wav,others
/content/drive/MyDrive/AImodels/codes/experiments/Mark4.7/data/train/others_train_103.wav,others
/content/drive/MyDrive/AImodels/codes/experiments/Mark4.7/data/train/others_train_104.wav,others
/content/drive/MyDrive/AImodels/codes/experiments/Mark4.7/data/train/others_train_105.wav,others
/content/drive/MyDrive/AImodels/codes/experiments/Mark4.7/data/train/others_train_106.wav,others
/content/drive/MyDrive/AImodels/codes/experiments/Mark4.7/data/train/others_train_107.wav,others
/content/drive/MyDrive/AImodels/codes/experiments/Mark4.7/data/train/others_train_108.wav,others
/content/drive/MyDrive/AImodels/codes/experiments/Mark4.7/data/train/others_train_109.wav,others
/content/drive/MyDrive/AImodels/codes/experiments/Mark4.7/data/train/others_train_110.wav,others
/content/drive/MyDrive/AImodels/codes/experiments/Mark4.7/data/train/others_train_111.wav,others
/content/drive/MyDrive/AImodels/codes/experiments/Mark4.7/data/train/others_train_112.wav,others
/content/drive/MyDrive/AImodels/codes/experiments/Mark4.7/data/train/others_train_113.wav,others
/content/drive/MyDrive/AImodels/codes/experiments/Mark4.7/data/train/others_train_114.wav,others
/content/drive/MyDrive/AImodels/codes/experiments/Mark4.7/data/train/others_train_115.wav,others
/content/drive/MyDrive/AImodels/codes/experiments/Mark4.7/data/train/others_train_116.wav,others
/content/drive/MyDrive/AImodels/codes/experiments/Mark4.7/data/train/others_train_117.wav,others
/content/drive/MyDrive/AImodels/codes/experiments/Mark4.7/data/train/others_train_118.wav,others
/content/drive/MyDrive/AImodels/codes/experiments/Mark4.7/data/train/others_train_119.wav,others
/content/drive/MyDrive/AImodels/codes/experiments/Mark4.7/data/train/others_train_120.wav,others
/content/drive/MyDrive/AImodels/codes/experiments/Mark4.7/data/train/others_train_121.wav,others
/content/drive/MyDrive/AImodels/codes/experiments/Mark4.7/data/train/others_train_122.wav,others
/content/drive/MyDrive/AImodels/codes/experiments/Mark4.7/data/train/others_train_123.wav,others
/content/drive/MyDrive/AImodels/codes/experiments/Mark4.7/data/train/others_train_124.wav,others
/content/drive/MyDrive/AImodels/codes/experiments/Mark4.7/data/train/others_train_125.wav,others
/content/drive/MyDrive/AImodels/codes/experiments/Mark4.7/data/train/others_train_126.wav,others
/content/drive/MyDrive/AImodels/codes/experiments/Mark4.7/data/train/others_train_127.wav,others
/content/drive/MyDrive/AImodels/codes/experiments/Mark4.7/data/train/others_train_128.wav,others
/content/drive/MyDrive/AImodels/codes/experiments/Mark4.7/data/train/others_train_129.wav,others
/content/drive/MyDrive/AImodels/codes/experiments/Mark4.7/data/train/others_train_130.wav,others
/content/drive/MyDrive/AImodels/codes/experiments/Mark4.7/data/train/others_train_131.wav,others
/content/drive/MyDrive/AImodels/codes/experiments/Mark4.7/data/train/others_train_132.wav,others
/content/drive/MyDrive/AImodels/codes/experiments/Mark4.7/data/train/others_train_133.wav,others
/content/drive/MyDrive/AImodels/codes/experiments/Mark4.7/data/train/others_train_134.wav,others
/content/drive/MyDrive/AImodels/codes/experiments/Mark4.7/data/train/others_train_135.wav,others
/content/drive/MyDrive/AImodels/codes/experiments/Mark4.7/data/train/others_train_136.wav,others
/content/drive/MyDrive/AImodels/codes/experiments/Mark4.7/data/train/others_train_137.wav,others
/content/drive/MyDrive/AImodels/codes/experiments/Mark4.7/data/train/others_train_138.wav,others
/content/drive/MyDrive/AImodels/codes/experiments/Mark4.7/data/train/others_train_139.wav,others
/content/drive/MyDrive/AImodels/codes/experiments/Mark4.7/data/train/others_train_140.wav,others
/content/drive/MyDrive/AImodels/codes/experiments/Mark4.7/data/train/others_train_141.wav,others
/content/drive/MyDrive/AImodels/codes/experiments/Mark4.7/data/train/others_train_142.wav,others
/content/drive/MyDrive/AImodels/codes/experiments/Mark4.7/data/train/others_train_143.wav,others
/content/drive/MyDrive/AImodels/codes/experiments/Mark4.7/data/train/others_train_144.wav,others
/content/drive/MyDrive/AImodels/codes/experiments/Mark4.7/data/train/others_train_145.wav,others
/content/drive/MyDrive/AImodels/codes/experiments/Mark4.7/data/train/others_train_146.wav,others
/content/drive/MyDrive/AImodels/codes/experiments/Mark4.7/data/train/others_train_147.wav,others
/content/drive/MyDrive/AImodels/codes/experiments/Mark4.7/data/train/others_train_148.wav,others
/content/drive/MyDrive/AImodels/codes/experiments/Mark4.7/data/train/others_train_149.wav,others
/content/drive/MyDrive/AImodels/codes/experiments/Mark4.7/data/train/others_train_150.wav,others
/content/drive/MyDrive/AImodels/codes/experiments/Mark4.7/data/train/others_train_151.wav,others
/content/drive/MyDrive/AImodels/codes/experiments/Mark4.7/data/train/others_train_152.wav,others
/content/drive/MyDrive/AImodels/codes/experiments/Mark4.7/data/train/others_train_153.wav,others
/content/drive/MyDrive/AImodels/codes/experiments/Mark4.7/data/train/others_train_154.wav,others
/content/drive/MyDrive/AImodels/codes/experiments/Mark4.7/data/train/others_train_155.wav,others
/content/drive/MyDrive/AImodels/codes/experiments/Mark4.7/data/train/others_train_156.wav,others
/content/drive/MyDrive/AImodels/codes/experiments/Mark4.7/data/train/others_train_157.wav,others
/content/drive/MyDrive/AImodels/codes/experiments/Mark4.7/data/train/others_train_158.wav,others
/content/drive/MyDrive/AImodels/codes/experiments/Mark4.7/data/train/others_train_159.wav,others
/content/drive/MyDrive/AImodels/codes/experiments/Mark4.7/data/train/others_train_160.wav,others
/content/drive/MyDrive/AImodels/codes/experiments/Mark4.7/data/train/others_train_161.wav,others
/content/drive/MyDrive/AImodels/codes/experiments/Mark4.7/data/train/others_train_162.wav,others
/content/drive/MyDrive/AImodels/codes/experiments/Mark4.7/data/train/others_train_163.wav,others
/content/drive/MyDrive/AImodels/codes/experiments/Mark4.7/data/train/others_train_164.wav,others
/content/drive/MyDrive/AImodels/codes/experiments/Mark4.7/data/train/others_train_165.wav,others
/content/drive/MyDrive/AImodels/codes/experiments/Mark4.7/data/train/others_train_166.wav,others
/content/drive/MyDrive/AImodels/codes/experiments/Mark4.7/data/train/others_train_167.wav,others
/content/drive/MyDrive/AImodels/codes/experiments/Mark4.7/data/train/others_train_168.wav,others
/content/drive/MyDrive/AImodels/codes/experiments/Mark4.7/data/train/others_train_169.wav,others
/content/drive/MyDrive/AImodels/codes/experiments/Mark4.7/data/train/others_train_170.wav,others
/content/drive/MyDrive/AImodels/codes/experiments/Mark4.7/data/train/others_train_171.wav,others
/content/drive/MyDrive/AImodels/codes/experiments/Mark4.7/data/train/others_train_172.wav,others
/content/drive/MyDrive/AImodels/codes/experiments/Mark4.7/data/train/others_train_173.wav,others
/content/drive/MyDrive/AImodels/codes/experiments/Mark4.7/data/train/others_train_174.wav,others
/content/drive/MyDrive/AImodels/codes/experiments/Mark4.7/data/train/others_train_175.wav,others
/content/drive/MyDrive/AImodels/codes/experiments/Mark4.7/data/train/others_train_176.wav,others
/content/drive/MyDrive/AImodels/codes/experiments/Mark4.7/data/train/others_train_177.wav,others
/content/drive/MyDrive/AImodels/codes/experiments/Mark4.7/data/train/others_train_178.wav,others
/content/drive/MyDrive/AImodels/codes/experiments/Mark4.7/data/train/others_train_179.wav,others
/content/drive/MyDrive/AImodels/codes/experiments/Mark4.7/data/train/others_train_180.wav,others
/content/drive/MyDrive/AImodels/codes/experiments/Mark4.7/data/train/others_train_181.wav,others
/content/drive/MyDrive/AImodels/codes/experiments/Mark4.7/data/train/others_train_182.wav,others
/content/drive/MyDrive/AImodels/codes/experiments/Mark4.7/data/train/others_train_183.wav,others
/content/drive/MyDrive/AImodels/codes/experiments/Mark4.7/data/train/others_train_184.wav,others
/content/drive/MyDrive/AImodels/codes/experiments/Mark4.7/data/train/others_train_185.wav,others
/content/drive/MyDrive/AImodels/codes/experiments/Mark4.7/data/train/others_train_186.wav,others
/content/drive/MyDrive/AImodels/codes/experiments/Mark4.7/data/train/others_train_187.wav,others
/content/drive/MyDrive/AImodels/codes/experiments/Mark4.7/data/train/others_train_188.wav,others
/content/drive/MyDrive/AImodels/codes/experiments/Mark4.7/data/train/others_train_189.wav,others
/content/drive/MyDrive/AImodels/codes/experiments/Mark4.7/data/train/others_train_190.wav,others
/content/drive/MyDrive/AImodels/codes/experiments/Mark4.7/data/train/others_train_191.wav,others
/content/drive/MyDrive/AImodels/codes/experiments/Mark4.7/data/train/others_train_192.wav,others
/content/drive/MyDrive/AImodels/codes/experiments/Mark4.7/data/train/others_train_193.wav,others
/content/drive/MyDrive/AImodels/codes/experiments/Mark4.7/data/train/others_train_194.wav,others
/content/drive/MyDrive/AImodels/codes/experiments/Mark4.7/data/train/others_train_195.wav,others
/content/drive/MyDrive/AImodels/codes/experiments/Mark4.7/data/train/others_train_196.wav,others
/content/drive/MyDrive/AImodels/codes/experiments/Mark4.7/data/train/others_train_197.wav,others
/content/drive/MyDrive/AImodels/codes/experiments/Mark4.7/data/train/others_train_198.wav,others
/content/drive/MyDrive/AImodels/codes/experiments/Mark4.7/data/train/others_train_199.wav,others
/content/drive/MyDrive/AImodels/codes/experiments/Mark4.7/data/train/others_train_200.wav,others
/content/drive/MyDrive/AImodels/codes/experiments/Mark4.7/data/train/others_train_201.wav,others
/content/drive/MyDrive/AImodels/codes/experiments/Mark4.7/data/train/others_train_202.wav,others
/content/drive/MyDrive/AImodels/codes/experiments/Mark4.7/data/train/others_train_203.wav,others
/content/drive/MyDrive/AImodels/codes/experiments/Mark4.7/data/train/others_train_204.wav,others
/content/drive/MyDrive/AImodels/codes/experiments/Mark4.7/data/train/others_train_205.wav,others
/content/drive/MyDrive/AImodels/codes/experiments/Mark4.7/data/train/others_train_206.wav,others
/content/drive/MyDrive/AImodels/codes/experiments/Mark4.7/data/train/others_train_207.wav,others
/content/drive/MyDrive/AImodels/codes/experiments/Mark4.7/data/train/others_train_208.wav,others
/content/drive/MyDrive/AImodels/codes/experiments/Mark4.7/data/train/others_train_209.wav,others
/content/drive/MyDrive/AImodels/codes/experiments/Mark4.7/data/train/others_train_210.wav,others
/content/drive/MyDrive/AImodels/codes/experiments/Mark4.7/data/train/others_train_211.wav,others
/content/drive/MyDrive/AImodels/codes/experiments/Mark4.7/data/train/others_train_212.wav,others
/content/drive/MyDrive/AImodels/codes/experiments/Mark4.7/data/train/others_train_213.wav,others
/content/drive/MyDrive/AImodels/codes/experiments/Mark4.7/data/train/others_train_214.wav,others
/content/drive/MyDrive/AImodels/codes/experiments/Mark4.7/data/train/others_train_215.wav,others
/content/drive/MyDrive/AImodels/codes/experiments/Mark4.7/data/train/others_train_216.wav,others
/content/drive/MyDrive/AImodels/codes/experiments/Mark4.7/data/train/others_train_217.wav,others
/content/drive/MyDrive/AImodels/codes/experiments/Mark4.7/data/train/others_train_218.wav,others
/content/drive/MyDrive/AImodels/codes/experiments/Mark4.7/data/train/others_train_219.wav,others
/content/drive/MyDrive/AImodels/codes/experiments/Mark4.7/data/train/others_train_220.wav,others
/content/drive/MyDrive/AImodels/codes/experiments/Mark4.7/data/train/others_train_221.wav,others
/content/drive/MyDrive/AImodels/codes/experiments/Mark4.7/data/train/others_train_222.wav,others
/content/drive/MyDrive/AImodels/codes/experiments/Mark4.7/data/train/others_train_223.wav,others
/content/drive/MyDrive/AImodels/codes/experiments/Mark4.7/data/train/others_train_224.wav,others
/content/drive/MyDrive/AImodels/codes/experiments/Mark4.7/data/train/others_train_225.wav,others
/content/drive/MyDrive/AImodels/codes/experiments/Mark4.7/data/train/others_train_226.wav,others
/content/drive/MyDrive/AImodels/codes/experiments/Mark4.7/data/train/others_train_227.wav,others
/content/drive/MyDrive/AImodels/codes/experiments/Mark4.7/data/train/others_train_228.wav,others
/content/drive/MyDrive/AImodels/codes/experiments/Mark4.7/data/train/others_train_229.wav,others
/content/drive/MyDrive/AImodels/codes/experiments/Mark4.7/data/train/others_train_230.wav,others
/content/drive/MyDrive/AImodels/codes/experiments/Mark4.7/data/train/others_train_231.wav,others
/content/drive/MyDrive/AImodels/codes/experiments/Mark4.7/data/train/others_train_232.wav,others
/content/drive/MyDrive/AImodels/codes/experiments/Mark4.7/data/train/others_train_233.wav,others
/content/drive/MyDrive/AImodels/codes/experiments/Mark4.7/data/train/others_train_234.wav,others
/content/drive/MyDrive/AImodels/codes/experiments/Mark4.7/data/train/others_train_235.wav,others
/content/drive/MyDrive/AImodels/codes/experiments/Mark4.7/data/train/others_train_236.wav,others
/content/drive/MyDrive/AImodels/codes/experiments/Mark4.7/data/train/others_train_237.wav,others
/content/drive/MyDrive/AImodels/codes/experiments/Mark4.7/data/train/others_train_238.wav,others
/content/drive/MyDrive/AImodels/codes/experiments/Mark4.7/data/train/others_train_239.wav,others
/content/drive/MyDrive/AImodels/codes/experiments/Mark4.7/data/train/others_train_240.wav,others
/content/drive/MyDrive/AImodels/codes/experiments/Mark4.7/data/train/others_train_241.wav,others
/content/drive/MyDrive/AImodels/codes/experiments/Mark4.7/data/train/others_train_242.wav,others
/content/drive/MyDrive/AImodels/codes/experiments/Mark4.7/data/train/others_train_243.wav,others
/content/drive/MyDrive/AImodels/codes/experiments/Mark4.7/data/train/others_train_244.wav,others
/content/drive/MyDrive/AImodels/codes/experiments/Mark4.7/data/train/others_train_245.wav,others
/content/drive/MyDrive/AImodels/codes/experiments/Mark4.7/data/train/others_train_246.wav,others
/content/drive/MyDrive/AImodels/codes/experiments/Mark4.7/data/train/others_train_247.wav,others
/content/drive/MyDrive/AImodels/codes/experiments/Mark4.7/data/train/others_train_248.wav,others
/content/drive/MyDrive/AImodels/codes/experiments/Mark4.7/data/train/others_train_249.wav,others
/content/drive/MyDrive/AImodels/codes/experiments/Mark4.7/data/train/others_train_250.wav,others
/content/drive/MyDrive/AImodels/codes/experiments/Mark4.7/data/train/others_train_251.wav,others
/content/drive/MyDrive/AImodels/codes/experiments/Mark4.7/data/train/others_train_252.wav,others
/content/drive/MyDrive/AImodels/codes/experiments/Mark4.7/data/train/others_train_253.wav,others
/content/drive/MyDrive/AImodels/codes/experiments/Mark4.7/data/train/others_train_254.wav,others
/content/drive/MyDrive/AImodels/codes/experiments/Mark4.7/data/train/others_train_255.wav,others
/content/drive/MyDrive/AImodels/codes/experiments/Mark4.7/data/train/others_train_256.wav,others
/content/drive/MyDrive/AImodels/codes/experiments/Mark4.7/data/train/others_train_257.wav,others
/content/drive/MyDrive/AImodels/codes/experiments/Mark4.7/data/train/others_train_258.wav,others
/content/drive/MyDrive/AImodels/codes/experiments/Mark4.7/data/train/others_train_259.wav,others
/content/drive/MyDrive/AImodels/codes/experiments/Mark4.7/data/train/others_train_260.wav,others
/content/drive/MyDrive/AImodels/codes/experiments/Mark4.7/data/train/others_train_261.wav,others
/content/drive/MyDrive/AImodels/codes/experiments/Mark4.7/data/train/others_train_262.wav,others
/content/drive/MyDrive/AImodels/codes/experiments/Mark4.7/data/train/others_train_263.wav,others
/content/drive/MyDrive/AImodels/codes/experiments/Mark4.7/data/train/others_train_264.wav,others
/content/drive/MyDrive/AImodels/codes/experiments/Mark4.7/data/train/others_train_265.wav,others
/content/drive/MyDrive/AImodels/codes/experiments/Mark4.7/data/train/others_train_266.wav,others
/content/drive/MyDrive/AImodels/codes/experiments/Mark4.7/data/train/others_train_267.wav,others
/content/drive/MyDrive/AImodels/codes/experiments/Mark4.7/data/train/others_train_268.wav,others
/content/drive/MyDrive/AImodels/codes/experiments/Mark4.7/data/train/others_train_269.wav,others
/content/drive/MyDrive/AImodels/codes/experiments/Mark4.7/data/train/others_train_270.wav,others
/content/drive/MyDrive/AImodels/codes/experiments/Mark4.7/data/train/others_train_271.wav,others
/content/drive/MyDrive/AImodels/codes/experiments/Mark4.7/data/train/others_train_272.wav,others
/content/drive/MyDrive/AImodels/codes/experiments/Mark4.7/data/train/others_train_273.wav,others
/content/drive/MyDrive/AImodels/codes/experiments/Mark4.7/data/train/others_train_274.wav,others
/content/drive/MyDrive/AImodels/codes/experiments/Mark4.7/data/train/others_train_275.wav,others
/content/drive/MyDrive/AImodels/codes/experiments/Mark4.7/data/train/others_train_276.wav,others
/content/drive/MyDrive/AImodels/codes/experiments/Mark4.7/data/train/others_train_277.wav,others
/content/drive/MyDrive/AImodels/codes/experiments/Mark4.7/data/train/others_train_278.wav,others
/content/drive/MyDrive/AImodels/codes/experiments/Mark4.7/data/train/others_train_279.wav,others
/content/drive/MyDrive/AImodels/codes/experiments/Mark4.7/data/train/others_train_280.wav,others
/content/drive/MyDrive/AImodels/codes/experiments/Mark4.7/data/train/others_train_281.wav,others
/content/drive/MyDrive/AImodels/codes/experiments/Mark4.7/data/train/others_train_282.wav,others
/content/drive/MyDrive/AImodels/codes/experiments/Mark4.7/data/train/others_train_283.wav,others
/content/drive/MyDrive/AImodels/codes/experiments/Mark4.7/data/train/others_train_284.wav,others
/content/drive/MyDrive/AImodels/codes/experiments/Mark4.7/data/train/others_train_285.wav,others
/content/drive/MyDrive/AImodels/codes/experiments/Mark4.7/data/train/others_train_286.wav,others
/content/drive/MyDrive/AImodels/codes/experiments/Mark4.7/data/train/others_train_287.wav,others
/content/drive/MyDrive/AImodels/codes/experiments/Mark4.7/data/train/others_train_288.wav,others
/content/drive/MyDrive/AImodels/codes/experiments/Mark4.7/data/train/others_train_289.wav,others
/content/drive/MyDrive/AImodels/codes/experiments/Mark4.7/data/train/others_train_290.wav,others
/content/drive/MyDrive/AImodels/codes/experiments/Mark4.7/data/train/others_train_291.wav,others
/content/drive/MyDrive/AImodels/codes/experiments/Mark4.7/data/train/others_train_292.wav,others
/content/drive/MyDrive/AImodels/codes/experiments/Mark4.7/data/train/others_train_293.wav,others
/content/drive/MyDrive/AImodels/codes/experiments/Mark4.7/data/train/others_train_294.wav,others
/content/drive/MyDrive/AImodels/codes/experiments/Mark4.7/data/train/others_train_295.wav,others
/content/drive/MyDrive/AImodels/codes/experiments/Mark4.7/data/train/others_train_296.wav,others
/content/drive/MyDrive/AImodels/codes/experiments/Mark4.7/data/train/others_train_297.wav,others
/content/drive/MyDrive/AImodels/codes/experiments/Mark4.7/data/train/others_train_298.wav,others
/content/drive/MyDrive/AImodels/codes/experiments/Mark4.7/data/train/others_train_299.wav,others
/content/drive/MyDrive/AImodels/codes/experiments/Mark4.7/data/train/others_train_300.wav,others
/content/drive/MyDrive/AImodels/codes/experiments/Mark4.7/data/train/others_train_301.wav,others
/content/drive/MyDrive/AImodels/codes/experiments/Mark4.7/data/train/others_train_302.wav,others
/content/drive/MyDrive/AImodels/codes/experiments/Mark4.7/data/train/others_train_303.wav,others
/content/drive/MyDrive/AImodels/codes/experiments/Mark4.7/data/train/others_train_304.wav,others
/content/drive/MyDrive/AImodels/codes/experiments/Mark4.7/data/train/others_train_305.wav,others
/content/drive/MyDrive/AImodels/codes/experiments/Mark4.7/data/train/others_train_306.wav,others
/content/drive/MyDrive/AImodels/codes/experiments/Mark4.7/data/train/others_train_307.wav,others
/content/drive/MyDrive/AImodels/codes/experiments/Mark4.7/data/train/others_train_308.wav,others
/content/drive/MyDrive/AImodels/codes/experiments/Mark4.7/data/train/others_train_309.wav,others
/content/drive/MyDrive/AImodels/codes/experiments/Mark4.7/data/train/others_train_310.wav,others
/content/drive/MyDrive/AImodels/codes/experiments/Mark4.7/data/train/others_train_311.wav,others
/content/drive/MyDrive/AImodels/codes/experiments/Mark4.7/data/train/others_train_312.wav,others
/content/drive/MyDrive/AImodels/codes/experiments/Mark4.7/data/train/others_train_313.wav,others
/content/drive/MyDrive/AImodels/codes/experiments/Mark4.7/data/train/others_train_314.wav,others
/content/drive/MyDrive/AImodels/codes/experiments/Mark4.7/data/train/others_train_315.wav,others
/content/drive/MyDrive/AImodels/codes/experiments/Mark4.7/data/train/others_train_316.wav,others
/content/drive/MyDrive/AImodels/codes/experiments/Mark4.7/data/train/others_train_317.wav,others
/content/drive/MyDrive/AImodels/codes/experiments/Mark4.7/data/train/others_train_318.wav,others
/content/drive/MyDrive/AImodels/codes/experiments/Mark4.7/data/train/others_train_319.wav,others
/content/drive/MyDrive/AImodels/codes/experiments/Mark4.7/data/train/others_train_320.wav,others
/content/drive/MyDrive/AImodels/codes/experiments/Mark4.7/data/train/others_train_321.wav,others
/content/drive/MyDrive/AImodels/codes/experiments/Mark4.7/data/train/others_train_322.wav,others
/content/drive/MyDrive/AImodels/codes/experiments/Mark4.7/data/train/others_train_323.wav,others
/content/drive/MyDrive/AImodels/codes/experiments/Mark4.7/data/train/others_train_324.wav,others
/content/drive/MyDrive/AImodels/codes/experiments/Mark4.7/data/train/others_train_325.wav,others
/content/drive/MyDrive/AImodels/codes/experiments/Mark4.7/data/train/others_train_326.wav,others
/content/drive/MyDrive/AImodels/codes/experiments/Mark4.7/data/train/others_train_327.wav,others
/content/drive/MyDrive/AImodels/codes/experiments/Mark4.7/data/train/others_train_328.wav,others
/content/drive/MyDrive/AImodels/codes/experiments/Mark4.7/data/train/others_train_329.wav,others
/content/drive/MyDrive/AImodels/codes/experiments/Mark4.7/data/train/others_train_330.wav,others
/content/drive/MyDrive/AImodels/codes/experiments/Mark4.7/data/train/others_train_331.wav,others
/content/drive/MyDrive/AImodels/codes/experiments/Mark4.7/data/train/others_train_332.wav,others
/content/drive/MyDrive/AImodels/codes/experiments/Mark4.7/data/train/others_train_333.wav,others
/content/drive/MyDrive/AImodels/codes/experiments/Mark4.7/data/train/others_train_334.wav,others
/content/drive/MyDrive/AImodels/codes/experiments/Mark4.7/data/train/others_train_335.wav,others
/content/drive/MyDrive/AImodels/codes/experiments/Mark4.7/data/train/others_train_336.wav,others
/content/drive/MyDrive/AImodels/codes/experiments/Mark4.7/data/train/others_train_337.wav,others
/content/drive/MyDrive/AImodels/codes/experiments/Mark4.7/data/train/others_train_338.wav,others
/content/drive/MyDrive/AImodels/codes/experiments/Mark4.7/data/train/others_train_339.wav,others
/content/drive/MyDrive/AImodels/codes/experiments/Mark4.7/data/train/others_train_340.wav,others
/content/drive/MyDrive/AImodels/codes/experiments/Mark4.7/data/train/others_train_341.wav,others
/content/drive/MyDrive/AImodels/codes/experiments/Mark4.7/data/train/others_train_342.wav,others
/content/drive/MyDrive/AImodels/codes/experiments/Mark4.7/data/train/others_train_343.wav,others
/content/drive/MyDrive/AImodels/codes/experiments/Mark4.7/data/train/others_train_344.wav,others
/content/drive/MyDrive/AImodels/codes/experiments/Mark4.7/data/train/others_train_345.wav,others
/content/drive/MyDrive/AImodels/codes/experiments/Mark4.7/data/train/others_train_346.wav,others
/content/drive/MyDrive/AImodels/codes/experiments/Mark4.7/data/train/others_train_347.wav,others
/content/drive/MyDrive/AImodels/codes/experiments/Mark4.7/data/train/others_train_348.wav,others
/content/drive/MyDrive/AImodels/codes/experiments/Mark4.7/data/train/others_train_349.wav,others
/content/drive/MyDrive/AImodels/codes/experiments/Mark4.7/data/train/others_train_350.wav,others
/content/drive/MyDrive/AImodels/codes/experiments/Mark4.7/data/train/others_train_351.wav,others
/content/drive/MyDrive/AImodels/codes/experiments/Mark4.7/data/train/others_train_352.wav,others
/content/drive/MyDrive/AImodels/codes/experiments/Mark4.7/data/train/others_train_353.wav,others
/content/drive/MyDrive/AImodels/codes/experiments/Mark4.7/data/train/others_train_354.wav,others
/content/drive/MyDrive/AImodels/codes/experiments/Mark4.7/data/train/others_train_355.wav,others
/content/drive/MyDrive/AImodels/codes/experiments/Mark4.7/data/train/others_train_356.wav,others
/content/drive/MyDrive/AImodels/codes/experiments/Mark4.7/data/train/others_train_357.wav,others
/content/drive/MyDrive/AImodels/codes/experiments/Mark4.7/data/train/others_train_358.wav,others
/content/drive/MyDrive/AImodels/codes/experiments/Mark4.7/data/train/others_train_359.wav,others
/content/drive/MyDrive/AImodels/codes/experiments/Mark4.7/data/train/others_train_360.wav,others
/content/drive/MyDrive/AImodels/codes/experiments/Mark4.7/data/train/others_train_361.wav,others
/content/drive/MyDrive/AImodels/codes/experiments/Mark4.7/data/train/others_train_362.wav,others
/content/drive/MyDrive/AImodels/codes/experiments/Mark4.7/data/train/others_train_363.wav,others
/content/drive/MyDrive/AImodels/codes/experiments/Mark4.7/data/train/others_train_364.wav,others
/content/drive/MyDrive/AImodels/codes/experiments/Mark4.7/data/train/others_train_365.wav,others
/content/drive/MyDrive/AImodels/codes/experiments/Mark4.7/data/train/others_train_366.wav,others
/content/drive/MyDrive/AImodels/codes/experiments/Mark4.7/data/train/others_train_367.wav,others
/content/drive/MyDrive/AImodels/codes/experiments/Mark4.7/data/train/others_train_368.wav,others
/content/drive/MyDrive/AImodels/codes/experiments/Mark4.7/data/train/others_train_369.wav,others
/content/drive/MyDrive/AImodels/codes/experiments/Mark4.7/data/train/others_train_370.wav,others
/content/drive/MyDrive/AImodels/codes/experiments/Mark4.7/data/train/others_train_371.wav,others
/content/drive/MyDrive/AImodels/codes/experiments/Mark4.7/data/train/others_train_372.wav,others
/content/drive/MyDrive/AImodels/codes/experiments/Mark4.7/data/train/others_train_373.wav,others
/content/drive/MyDrive/AImodels/codes/experiments/Mark4.7/data/train/others_train_374.wav,others
/content/drive/MyDrive/AImodels/codes/experiments/Mark4.7/data/train/others_train_375.wav,others
/content/drive/MyDrive/AImodels/codes/experiments/Mark4.7/data/train/others_train_376.wav,others
/content/drive/MyDrive/AImodels/codes/experiments/Mark4.7/data/train/others_train_377.wav,others
/content/drive/MyDrive/AImodels/codes/experiments/Mark4.7/data/train/others_train_378.wav,others
/content/drive/MyDrive/AImodels/codes/experiments/Mark4.7/data/train/others_train_379.wav,others
/content/drive/MyDrive/AImodels/codes/experiments/Mark4.7/data/train/others_train_380.wav,others
/content/drive/MyDrive/AImodels/codes/experiments/Mark4.7/data/train/others_train_381.wav,others
/content/drive/MyDrive/AImodels/codes/experiments/Mark4.7/data/train/others_train_382.wav,others
/content/drive/MyDrive/AImodels/codes/experiments/Mark4.7/data/train/others_train_383.wav,others
/content/drive/MyDrive/AImodels/codes/experiments/Mark4.7/data/train/others_train_384.wav,others
/content/drive/MyDrive/AImodels/codes/experiments/Mark4.7/data/train/others_train_385.wav,others
/content/drive/MyDrive/AImodels/codes/experiments/Mark4.7/data/train/others_train_386.wav,others
/content/drive/MyDrive/AImodels/codes/experiments/Mark4.7/data/train/others_train_387.wav,others
/content/drive/MyDrive/AImodels/codes/experiments/Mark4.7/data/train/others_train_388.wav,others
/content/drive/MyDrive/AImodels/codes/experiments/Mark4.7/data/train/others_train_389.wav,others
/content/drive/MyDrive/AImodels/codes/experiments/Mark4.7/data/train/others_train_390.wav,others
/content/drive/MyDrive/AImodels/codes/experiments/Mark4.7/data/train/others_train_391.wav,others
/content/drive/MyDrive/AImodels/codes/experiments/Mark4.7/data/train/others_train_392.wav,others
/content/drive/MyDrive/AImodels/codes/experiments/Mark4.7/data/train/others_train_393.wav,others
/content/drive/MyDrive/AImodels/codes/experiments/Mark4.7/data/train/others_train_394.wav,others
/content/drive/MyDrive/AImodels/codes/experiments/Mark4.7/data/train/others_train_395.wav,others
/content/drive/MyDrive/AImodels/codes/experiments/Mark4.7/data/train/others_train_396.wav,others
/content/drive/MyDrive/AImodels/codes/experiments/Mark4.7/data/train/others_train_397.wav,others
/content/drive/MyDrive/AImodels/codes/experiments/Mark4.7/data/train/others_train_398.wav,others
/content/drive/MyDrive/AImodels/codes/experiments/Mark4.7/data/train/others_train_399.wav,others
/content/drive/MyDrive/AImodels/codes/experiments/Mark4.7/data/train/others_train_400.wav,others
/content/drive/MyDrive/AImodels/codes/experiments/Mark4.7/data/train/others_train_401.wav,others
/content/drive/MyDrive/AImodels/codes/experiments/Mark4.7/data/train/others_train_402.wav,others
/content/drive/MyDrive/AImodels/codes/experiments/Mark4.7/data/train/others_train_403.wav,others
/content/drive/MyDrive/AImodels/codes/experiments/Mark4.7/data/train/others_train_404.wav,others
/content/drive/MyDrive/AImodels/codes/experiments/Mark4.7/data/train/others_train_405.wav,others
/content/drive/MyDrive/AImodels/codes/experiments/Mark4.7/data/train/others_train_406.wav,others
/content/drive/MyDrive/AImodels/codes/experiments/Mark4.7/data/train/others_train_407.wav,others
/content/drive/MyDrive/AImodels/codes/experiments/Mark4.7/data/train/others_train_408.wav,others
/content/drive/MyDrive/AImodels/codes/experiments/Mark4.7/data/train/others_train_409.wav,others
/content/drive/MyDrive/AImodels/codes/experiments/Mark4.7/data/train/others_train_410.wav,others
/content/drive/MyDrive/AImodels/codes/experiments/Mark4.7/data/train/others_train_411.wav,others
/content/drive/MyDrive/AImodels/codes/experiments/Mark4.7/data/train/others_train_412.wav,others
/content/drive/MyDrive/AImodels/codes/experiments/Mark4.7/data/train/others_train_413.wav,others
/content/drive/MyDrive/AImodels/codes/experiments/Mark4.7/data/train/others_train_414.wav,others
/content/drive/MyDrive/AImodels/codes/experiments/Mark4.7/data/train/others_train_415.wav,others
/content/drive/MyDrive/AImodels/codes/experiments/Mark4.7/data/train/others_train_416.wav,others
/content/drive/MyDrive/AImodels/codes/experiments/Mark4.7/data/train/others_train_417.wav,others
/content/drive/MyDrive/AImodels/codes/experiments/Mark4.7/data/train/others_train_418.wav,others
/content/drive/MyDrive/AImodels/codes/experiments/Mark4.7/data/train/others_train_419.wav,others
/content/drive/MyDrive/AImodels/codes/experiments/Mark4.7/data/train/others_train_420.wav,others
/content/drive/MyDrive/AImodels/codes/experiments/Mark4.7/data/train/others_train_421.wav,others
/content/drive/MyDrive/AImodels/codes/experiments/Mark4.7/data/train/others_train_422.wav,others
/content/drive/MyDrive/AImodels/codes/experiments/Mark4.7/data/train/others_train_423.wav,others
/content/drive/MyDrive/AImodels/codes/experiments/Mark4.7/data/train/others_train_424.wav,others
/content/drive/MyDrive/AImodels/codes/experiments/Mark4.7/data/train/others_train_425.wav,others
/content/drive/MyDrive/AImodels/codes/experiments/Mark4.7/data/train/others_train_426.wav,others
/content/drive/MyDrive/AImodels/codes/experiments/Mark4.7/data/train/others_train_427.wav,others
/content/drive/MyDrive/AImodels/codes/experiments/Mark4.7/data/train/others_train_428.wav,others
/content/drive/MyDrive/AImodels/codes/experiments/Mark4.7/data/train/others_train_429.wav,others
/content/drive/MyDrive/AImodels/codes/experiments/Mark4.7/data/train/others_train_430.wav,others
/content/drive/MyDrive/AImodels/codes/experiments/Mark4.7/data/train/others_train_431.wav,others
/content/drive/MyDrive/AImodels/codes/experiments/Mark4.7/data/train/others_train_432.wav,others
/content/drive/MyDrive/AImodels/codes/experiments/Mark4.7/data/train/others_train_433.wav,others
/content/drive/MyDrive/AImodels/codes/experiments/Mark4.7/data/train/others_train_434.wav,others
/content/drive/MyDrive/AImodels/codes/experiments/Mark4.7/data/train/others_train_435.wav,others
/content/drive/MyDrive/AImodels/codes/experiments/Mark4.7/data/train/others_train_436.wav,others
/content/drive/MyDrive/AImodels/codes/experiments/Mark4.7/data/train/others_train_437.wav,others
/content/drive/MyDrive/AImodels/codes/experiments/Mark4.7/data/train/others_train_438.wav,others
/content/drive/MyDrive/AImodels/codes/experiments/Mark4.7/data/train/others_train_439.wav,others
/content/drive/MyDrive/AImodels/codes/experiments/Mark4.7/data/train/others_train_440.wav,others
/content/drive/MyDrive/AImodels/codes/experiments/Mark4.7/data/train/others_train_441.wav,others
/content/drive/MyDrive/AImodels/codes/experiments/Mark4.7/data/train/others_train_442.wav,others
/content/drive/MyDrive/AImodels/codes/experiments/Mark4.7/data/train/others_train_443.wav,others
/content/drive/MyDrive/AImodels/codes/experiments/Mark4.7/data/train/others_train_444.wav,others
/content/drive/MyDrive/AImodels/codes/experiments/Mark4.7/data/train/others_train_445.wav,others
/content/drive/MyDrive/AImodels/codes/experiments/Mark4.7/data/train/others_train_446.wav,others
/content/drive/MyDrive/AImodels/codes/experiments/Mark4.7/data/train/others_train_447.wav,others
/content/drive/MyDrive/AImodels/codes/experiments/Mark4.7/data/train/others_train_448.wav,others
/content/drive/MyDrive/AImodels/codes/experiments/Mark4.7/data/train/others_train_449.wav,others
/content/drive/MyDrive/AImodels/codes/experiments/Mark4.7/data/train/others_train_450.wav,others
/content/drive/MyDrive/AImodels/codes/experiments/Mark4.7/data/train/others_train_451.wav,others
/content/drive/MyDrive/AImodels/codes/experiments/Mark4.7/data/train/others_train_452.wav,others
/content/drive/MyDrive/AImodels/codes/experiments/Mark4.7/data/train/others_train_453.wav,others
/content/drive/MyDrive/AImodels/codes/experiments/Mark4.7/data/train/others_train_454.wav,others
/content/drive/MyDrive/AImodels/codes/experiments/Mark4.7/data/train/others_train_455.wav,others
/content/drive/MyDrive/AImodels/codes/experiments/Mark4.7/data/train/others_train_456.wav,others
/content/drive/MyDrive/AImodels/codes/experiments/Mark4.7/data/train/others_train_457.wav,others
/content/drive/MyDrive/AImodels/codes/experiments/Mark4.7/data/train/others_train_458.wav,others
/content/drive/MyDrive/AImodels/codes/experiments/Mark4.7/data/train/others_train_459.wav,others
/content/drive/MyDrive/AImodels/codes/experiments/Mark4.7/data/train/others_train_460.wav,others
/content/drive/MyDrive/AImodels/codes/experiments/Mark4.7/data/train/others_train_461.wav,others
/content/drive/MyDrive/AImodels/codes/experiments/Mark4.7/data/train/others_train_462.wav,others
/content/drive/MyDrive/AImodels/codes/experiments/Mark4.7/data/train/others_train_463.wav,others
/content/drive/MyDrive/AImodels/codes/experiments/Mark4.7/data/train/others_train_464.wav,others
/content/drive/MyDrive/AImodels/codes/experiments/Mark4.7/data/train/others_train_465.wav,others
/content/drive/MyDrive/AImodels/codes/experiments/Mark4.7/data/train/others_train_466.wav,others
/content/drive/MyDrive/AImodels/codes/experiments/Mark4.7/data/train/others_train_467.wav,others
/content/drive/MyDrive/AImodels/codes/experiments/Mark4.7/data/train/others_train_468.wav,others
/content/drive/MyDrive/AImodels/codes/experiments/Mark4.7/data/train/others_train_469.wav,others
/content/drive/MyDrive/AImodels/codes/experiments/Mark4.7/data/train/others_train_470.wav,others
/content/drive/MyDrive/AImodels/codes/experiments/Mark4.7/data/train/others_train_471.wav,others
/content/drive/MyDrive/AImodels/codes/experiments/Mark4.7/data/train/others_train_472.wav,others
/content/drive/MyDrive/AImodels/codes/experiments/Mark4.7/data/train/others_train_473.wav,others
/content/drive/MyDrive/AImodels/codes/experiments/Mark4.7/data/train/others_train_474.wav,others
/content/drive/MyDrive/AImodels/codes/experiments/Mark4.7/data/train/others_train_475.wav,others
/content/drive/MyDrive/AImodels/codes/experiments/Mark4.7/data/train/others_train_476.wav,others
/content/drive/MyDrive/AImodels/codes/experiments/Mark4.7/data/train/others_train_477.wav,others
/content/drive/MyDrive/AImodels/codes/experiments/Mark4.7/data/train/others_train_478.wav,others
/content/drive/MyDrive/AImodels/codes/experiments/Mark4.7/data/train/others_train_479.wav,others
/content/drive/MyDrive/AImodels/codes/experiments/Mark4.7/data/train/others_train_480.wav,others
/content/drive/MyDrive/AImodels/codes/experiments/Mark4.7/data/train/others_train_481.wav,others
/content/drive/MyDrive/AImodels/codes/experiments/Mark4.7/data/train/others_train_482.wav,others
/content/drive/MyDrive/AImodels/codes/experiments/Mark4.7/data/train/others_train_483.wav,others
/content/drive/MyDrive/AImodels/codes/experiments/Mark4.7/data/train/others_train_484.wav,others
/content/drive/MyDrive/AImodels/codes/experiments/Mark4.7/data/train/others_train_485.wav,others
/content/drive/MyDrive/AImodels/codes/experiments/Mark4.7/data/train/others_train_486.wav,others
/content/drive/MyDrive/AImodels/codes/experiments/Mark4.7/data/train/others_train_487.wav,others
/content/drive/MyDrive/AImodels/codes/experiments/Mark4.7/data/train/others_train_488.wav,others
/content/drive/MyDrive/AImodels/codes/experiments/Mark4.7/data/train/others_train_489.wav,others
/content/drive/MyDrive/AImodels/codes/experiments/Mark4.7/data/train/others_train_490.wav,others
/content/drive/MyDrive/AImodels/codes/experiments/Mark4.7/data/train/others_train_491.wav,others
/content/drive/MyDrive/AImodels/codes/experiments/Mark4.7/data/train/others_train_492.wav,others
/content/drive/MyDrive/AImodels/codes/experiments/Mark4.7/data/train/others_train_493.wav,others
/content/drive/MyDrive/AImodels/codes/experiments/Mark4.7/data/train/others_train_494.wav,others
/content/drive/MyDrive/AImodels/codes/experiments/Mark4.7/data/train/others_train_495.wav,others
/content/drive/MyDrive/AImodels/codes/experiments/Mark4.7/data/train/others_train_496.wav,others
/content/drive/MyDrive/AImodels/codes/experiments/Mark4.7/data/train/others_train_497.wav,others
/content/drive/MyDrive/AImodels/codes/experiments/Mark4.7/data/train/others_train_498.wav,others
/content/drive/MyDrive/AImodels/codes/experiments/Mark4.7/data/train/others_train_499.wav,others
/content/drive/MyDrive/AImodels/codes/experiments/Mark4.7/data/train/others_train_500.wav,others
/content/drive/MyDrive/AImodels/codes/experiments/Mark4.7/data/train/others_train_501.wav,others
/content/drive/MyDrive/AImodels/codes/experiments/Mark4.7/data/train/others_train_502.wav,others
/content/drive/MyDrive/AImodels/codes/experiments/Mark4.7/data/train/others_train_503.wav,others
/content/drive/MyDrive/AImodels/codes/experiments/Mark4.7/data/train/others_train_504.wav,others
/content/drive/MyDrive/AImodels/codes/experiments/Mark4.7/data/train/others_train_505.wav,others
/content/drive/MyDrive/AImodels/codes/experiments/Mark4.7/data/train/others_train_506.wav,others
/content/drive/MyDrive/AImodels/codes/experiments/Mark4.7/data/train/others_train_507.wav,others
/content/drive/MyDrive/AImodels/codes/experiments/Mark4.7/data/train/others_train_508.wav,others
/content/drive/MyDrive/AImodels/codes/experiments/Mark4.7/data/train/others_train_509.wav,others
/content/drive/MyDrive/AImodels/codes/experiments/Mark4.7/data/train/others_train_510.wav,others
/content/drive/MyDrive/AImodels/codes/experiments/Mark4.7/data/train/others_train_511.wav,others
/content/drive/MyDrive/AImodels/codes/experiments/Mark4.7/data/train/others_train_512.wav,others
/content/drive/MyDrive/AImodels/codes/experiments/Mark4.7/data/train/others_train_513.wav,others
/content/drive/MyDrive/AImodels/codes/experiments/Mark4.7/data/train/others_train_514.wav,others
/content/drive/MyDrive/AImodels/codes/experiments/Mark4.7/data/train/others_train_515.wav,others
/content/drive/MyDrive/AImodels/codes/experiments/Mark4.7/data/train/others_train_516.wav,others
/content/drive/MyDrive/AImodels/codes/experiments/Mark4.7/data/train/others_train_517.wav,others
/content/drive/MyDrive/AImodels/codes/experiments/Mark4.7/data/train/others_train_518.wav,others
/content/drive/MyDrive/AImodels/codes/experiments/Mark4.7/data/train/others_train_aug_001.wav,others
/content/drive/MyDrive/AImodels/codes/experiments/Mark4.7/data/train/others_train_aug_002.wav,others
/content/drive/MyDrive/AImodels/codes/experiments/Mark4.7/data/train/others_train_aug_003.wav,others
/content/drive/MyDrive/AImodels/codes/experiments/Mark4.7/data/train/others_train_aug_004.wav,others
/content/drive/MyDrive/AImodels/codes/experiments/Mark4.7/data/train/others_train_aug_005.wav,others
/content/drive/MyDrive/AImodels/codes/experiments/Mark4.7/data/train/others_train_aug_006.wav,others
/content/drive/MyDrive/AImodels/codes/experiments/Mark4.7/data/train/others_train_aug_007.wav,others
/content/drive/MyDrive/AImodels/codes/experiments/Mark4.7/data/train/others_train_aug_008.wav,others
/content/drive/MyDrive/AImodels/codes/experiments/Mark4.7/data/train/others_train_aug_009.wav,others
/content/drive/MyDrive/AImodels/codes/experiments/Mark4.7/data/train/others_train_aug_010.wav,others
/content/drive/MyDrive/AImodels/codes/experiments/Mark4.7/data/train/others_train_aug_011.wav,others
/content/drive/MyDrive/AImodels/codes/experiments/Mark4.7/data/train/others_train_aug_012.wav,others
/content/drive/MyDrive/AImodels/codes/experiments/Mark4.7/data/train/others_train_aug_013.wav,others
/content/drive/MyDrive/AImodels/codes/experiments/Mark4.7/data/train/others_train_aug_014.wav,others
/content/drive/MyDrive/AImodels/codes/experiments/Mark4.7/data/train/others_train_aug_015.wav,others
/content/drive/MyDrive/AImodels/codes/experiments/Mark4.7/data/train/others_train_aug_016.wav,others
/content/drive/MyDrive/AImodels/codes/experiments/Mark4.7/data/train/others_train_aug_017.wav,others
/content/drive/MyDrive/AImodels/codes/experiments/Mark4.7/data/train/others_train_aug_018.wav,others
/content/drive/MyDrive/AImodels/codes/experiments/Mark4.7/data/train/others_train_aug_019.wav,others
/content/drive/MyDrive/AImodels/codes/experiments/Mark4.7/data/train/others_train_aug_020.wav,others
/content/drive/MyDrive/AImodels/codes/experiments/Mark4.7/data/train/others_train_aug_021.wav,others
/content/drive/MyDrive/AImodels/codes/experiments/Mark4.7/data/train/others_train_aug_022.wav,others
/content/drive/MyDrive/AImodels/codes/experiments/Mark4.7/data/train/others_train_aug_023.wav,others
/content/drive/MyDrive/AImodels/codes/experiments/Mark4.7/data/train/others_train_aug_024.wav,others
/content/drive/MyDrive/AImodels/codes/experiments/Mark4.7/data/train/others_train_aug_025.wav,others
/content/drive/MyDrive/AImodels/codes/experiments/Mark4.7/data/train/others_train_aug_026.wav,others
/content/drive/MyDrive/AImodels/codes/experiments/Mark4.7/data/train/others_train_aug_027.wav,others
/content/drive/MyDrive/AImodels/codes/experiments/Mark4.7/data/train/others_train_aug_028.wav,others
/content/drive/MyDrive/AImodels/codes/experiments/Mark4.7/data/train/others_train_aug_029.wav,others
/content/drive/MyDrive/AImodels/codes/experiments/Mark4.7/data/train/others_train_aug_030.wav,others
/content/drive/MyDrive/AImodels/codes/experiments/Mark4.7/data/train/others_train_aug_031.wav,others
/content/drive/MyDrive/AImodels/codes/experiments/Mark4.7/data/train/others_train_aug_032.wav,others
/content/drive/MyDrive/AImodels/codes/experiments/Mark4.7/data/train/others_train_aug_033.wav,others
/content/drive/MyDrive/AImodels/codes/experiments/Mark4.7/data/train/others_train_aug_034.wav,others
/content/drive/MyDrive/AImodels/codes/experiments/Mark4.7/data/train/others_train_aug_035.wav,others
/content/drive/MyDrive/AImodels/codes/experiments/Mark4.7/data/train/others_train_aug_036.wav,others
/content/drive/MyDrive/AImodels/codes/experiments/Mark4.7/data/train/others_train_aug_037.wav,others
/content/drive/MyDrive/AImodels/codes/experiments/Mark4.7/data/train/others_train_aug_038.wav,others
/content/drive/MyDrive/AImodels/codes/experiments/Mark4.7/data/train/others_train_aug_039.wav,others
/content/drive/MyDrive/AImodels/codes/experiments/Mark4.7/data/train/others_train_aug_040.wav,others
/content/drive/MyDrive/AImodels/codes/experiments/Mark4.7/data/train/others_train_aug_041.wav,others
/content/drive/MyDrive/AImodels/codes/experiments/Mark4.7/data/train/others_train_aug_042.wav,others
/content/drive/MyDrive/AImodels/codes/experiments/Mark4.7/data/train/others_train_aug_043.wav,others
/content/drive/MyDrive/AImodels/codes/experiments/Mark4.7/data/train/others_train_aug_044.wav,others
/content/drive/MyDrive/AImodels/codes/experiments/Mark4.7/data/train/others_train_aug_045.wav,others
/content/drive/MyDrive/AImodels/codes/experiments/Mark4.7/data/train/others_train_aug_046.wav,others
/content/drive/MyDrive/AImodels/codes/experiments/Mark4.7/data/train/others_train_aug_047.wav,others
/content/drive/MyDrive/AImodels/codes/experiments/Mark4.7/data/train/others_train_aug_048.wav,others
/content/drive/MyDrive/AImodels/codes/experiments/Mark4.7/data/train/others_train_aug_049.wav,others
/content/drive/MyDrive/AImodels/codes/experiments/Mark4.7/data/train/others_train_aug_050.wav,others
/content/drive/MyDrive/AImodels/codes/experiments/Mark4.7/data/train/others_train_aug_051.wav,others
/content/drive/MyDrive/AImodels/codes/experiments/Mark4.7/data/train/others_train_aug_052.wav,others
/content/drive/MyDrive/AImodels/codes/experiments/Mark4.7/data/train/others_train_aug_053.wav,others
/content/drive/MyDrive/AImodels/codes/experiments/Mark4.7/data/train/others_train_aug_054.wav,others
/content/drive/MyDrive/AImodels/codes/experiments/Mark4.7/data/train/others_train_aug_055.wav,others
/content/drive/MyDrive/AImodels/codes/experiments/Mark4.7/data/train/others_train_aug_056.wav,others
/content/drive/MyDrive/AImodels/codes/experiments/Mark4.7/data/train/others_train_aug_057.wav,others
/content/drive/MyDrive/AImodels/codes/experiments/Mark4.7/data/train/others_train_aug_058.wav,others
/content/drive/MyDrive/AImodels/codes/experiments/Mark4.7/data/train/others_train_aug_059.wav,others
/content/drive/MyDrive/AImodels/codes/experiments/Mark4.7/data/train/others_train_aug_060.wav,others
/content/drive/MyDrive/AImodels/codes/experiments/Mark4.7/data/train/others_train_aug_061.wav,others
/content/drive/MyDrive/AImodels/codes/experiments/Mark4.7/data/train/others_train_aug_062.wav,others
/content/drive/MyDrive/AImodels/codes/experiments/Mark4.7/data/train/others_train_aug_063.wav,others
/content/drive/MyDrive/AImodels/codes/experiments/Mark4.7/data/train/others_train_aug_064.wav,others
/content/drive/MyDrive/AImodels/codes/experiments/Mark4.7/data/train/others_train_aug_065.wav,others
/content/drive/MyDrive/AImodels/codes/experiments/Mark4.7/data/train/others_train_aug_066.wav,others
/content/drive/MyDrive/AImodels/codes/experiments/Mark4.7/data/train/others_train_aug_067.wav,others
/content/drive/MyDrive/AImodels/codes/experiments/Mark4.7/data/train/others_train_aug_068.wav,others
/content/drive/MyDrive/AImodels/codes/experiments/Mark4.7/data/train/others_train_aug_069.wav,others
/content/drive/MyDrive/AImodels/codes/experiments/Mark4.7/data/train/others_train_aug_070.wav,others
/content/drive/MyDrive/AImodels/codes/experiments/Mark4.7/data/train/others_train_aug_071.wav,others
/content/drive/MyDrive/AImodels/codes/experiments/Mark4.7/data/train/others_train_aug_072.wav,others
/content/drive/MyDrive/AImodels/codes/experiments/Mark4.7/data/train/others_train_aug_073.wav,others
/content/drive/MyDrive/AImodels/codes/experiments/Mark4.7/data/train/others_train_aug_074.wav,others
/content/drive/MyDrive/AImodels/codes/experiments/Mark4.7/data/train/others_train_aug_075.wav,others
/content/drive/MyDrive/AImodels/codes/experiments/Mark4.7/data/train/others_train_aug_076.wav,others
/content/drive/MyDrive/AImodels/codes/experiments/Mark4.7/data/train/others_train_aug_077.wav,others
/content/drive/MyDrive/AImodels/codes/experiments/Mark4.7/data/train/others_train_aug_078.wav,others
/content/drive/MyDrive/AImodels/codes/experiments/Mark4.7/data/train/others_train_aug_079.wav,others
/content/drive/MyDrive/AImodels/codes/experiments/Mark4.7/data/train/others_train_aug_080.wav,others
/content/drive/MyDrive/AImodels/codes/experiments/Mark4.7/data/train/others_train_aug_081.wav,others
/content/drive/MyDrive/AImodels/codes/experiments/Mark4.7/data/train/others_train_aug_082.wav,others
/content/drive/MyDrive/AImodels/codes/experiments/Mark4.7/data/train/others_train_aug_083.wav,others
/content/drive/MyDrive/AImodels/codes/experiments/Mark4.7/data/train/others_train_aug_084.wav,others
/content/drive/MyDrive/AImodels/codes/experiments/Mark4.7/data/train/others_train_aug_085.wav,others
/content/drive/MyDrive/AImodels/codes/experiments/Mark4.7/data/train/others_train_aug_086.wav,others
/content/drive/MyDrive/AImodels/codes/experiments/Mark4.7/data/train/others_train_aug_087.wav,others
/content/drive/MyDrive/AImodels/codes/experiments/Mark4.7/data/train/others_train_aug_088.wav,others
/content/drive/MyDrive/AImodels/codes/experiments/Mark4.7/data/train/others_train_aug_089.wav,others
/content/drive/MyDrive/AImodels/codes/experiments/Mark4.7/data/train/others_train_aug_090.wav,others
/content/drive/MyDrive/AImodels/codes/experiments/Mark4.7/data/train/others_train_aug_091.wav,others
/content/drive/MyDrive/AImodels/codes/experiments/Mark4.7/data/train/others_train_aug_092.wav,others
/content/drive/MyDrive/AImodels/codes/experiments/Mark4.7/data/train/others_train_aug_093.wav,others
/content/drive/MyDrive/AImodels/codes/experiments/Mark4.7/data/train/others_train_aug_094.wav,others
/content/drive/MyDrive/AImodels/codes/experiments/Mark4.7/data/train/others_train_aug_095.wav,others
/content/drive/MyDrive/AImodels/codes/experiments/Mark4.7/data/train/others_train_aug_096.wav,others
/content/drive/MyDrive/AImodels/codes/experiments/Mark4.7/data/train/others_train_aug_097.wav,others
/content/drive/MyDrive/AImodels/codes/experiments/Mark4.7/data/train/others_train_aug_098.wav,others
/content/drive/MyDrive/AImodels/codes/experiments/Mark4.7/data/train/others_train_aug_099.wav,others
/content/drive/MyDrive/AImodels/codes/experiments/Mark4.7/data/train/others_train_aug_100.wav,others
/content/drive/MyDrive/AImodels/codes/experiments/Mark4.7/data/train/others_train_aug_101.wav,others
/content/drive/MyDrive/AImodels/codes/experiments/Mark4.7/data/train/others_train_aug_102.wav,others
/content/drive/MyDrive/AImodels/codes/experiments/Mark4.7/data/train/others_train_aug_103.wav,others
/content/drive/MyDrive/AImodels/codes/experiments/Mark4.7/data/train/others_train_aug_104.wav,others
/content/drive/MyDrive/AImodels/codes/experiments/Mark4.7/data/train/others_train_aug_105.wav,others
/content/drive/MyDrive/AImodels/codes/experiments/Mark4.7/data/train/others_train_aug_106.wav,others
/content/drive/MyDrive/AImodels/codes/experiments/Mark4.7/data/train/others_train_aug_107.wav,others
/content/drive/MyDrive/AImodels/codes/experiments/Mark4.7/data/train/others_train_aug_108.wav,others
/content/drive/MyDrive/AImodels/codes/experiments/Mark4.7/data/train/others_train_aug_109.wav,others
/content/drive/MyDrive/AImodels/codes/experiments/Mark4.7/data/train/others_train_aug_110.wav,others
/content/drive/MyDrive/AImodels/codes/experiments/Mark4.7/data/train/others_train_aug_111.wav,others
/content/drive/MyDrive/AImodels/codes/experiments/Mark4.7/data/train/others_train_aug_112.wav,others
/content/drive/MyDrive/AImodels/codes/experiments/Mark4.7/data/train/others_train_aug_113.wav,others
/content/drive/MyDrive/AImodels/codes/experiments/Mark4.7/data/train/others_train_aug_114.wav,others
/content/drive/MyDrive/AImodels/codes/experiments/Mark4.7/data/train/others_train_aug_115.wav,others
/content/drive/MyDrive/AImodels/codes/experiments/Mark4.7/data/train/others_train_aug_116.wav,others
/content/drive/MyDrive/AImodels/codes/experiments/Mark4.7/data/train/others_train_aug_117.wav,others
/content/drive/MyDrive/AImodels/codes/experiments/Mark4.7/data/train/others_train_aug_118.wav,others
/content/drive/MyDrive/AImodels/codes/experiments/Mark4.7/data/train/others_train_aug_119.wav,others
/content/drive/MyDrive/AImodels/codes/experiments/Mark4.7/data/train/others_train_aug_120.wav,others
/content/drive/MyDrive/AImodels/codes/experiments/Mark4.7/data/train/others_train_aug_121.wav,others
/content/drive/MyDrive/AImodels/codes/experiments/Mark4.7/data/train/others_train_aug_122.wav,others
/content/drive/MyDrive/AImodels/codes/experiments/Mark4.7/data/train/others_train_aug_123.wav,others
/content/drive/MyDrive/AImodels/codes/experiments/Mark4.7/data/train/others_train_aug_124.wav,others
/content/drive/MyDrive/AImodels/codes/experiments/Mark4.7/data/train/others_train_aug_125.wav,others
/content/drive/MyDrive/AImodels/codes/experiments/Mark4.7/data/train/others_train_aug_126.wav,others
/content/drive/MyDrive/AImodels/codes/experiments/Mark4.7/data/train/others_train_aug_127.wav,others
/content/drive/MyDrive/AImodels/codes/experiments/Mark4.7/data/train/others_train_aug_128.wav,others
/content/drive/MyDrive/AImodels/codes/experiments/Mark4.7/data/train/others_train_aug_129.wav,others
/content/drive/MyDrive/AImodels/codes/experiments/Mark4.7/data/train/others_train_aug_130.wav,others
/content/drive/MyDrive/AImodels/codes/experiments/Mark4.7/data/train/others_train_aug_131.wav,others
/content/drive/MyDrive/AImodels/codes/experiments/Mark4.7/data/train/others_train_aug_132.wav,others
/content/drive/MyDrive/AImodels/codes/experiments/Mark4.7/data/train/others_train_aug_133.wav,others
/content/drive/MyDrive/AImodels/codes/experiments/Mark4.7/data/train/others_train_aug_134.wav,others
/content/drive/MyDrive/AImodels/codes/experiments/Mark4.7/data/train/others_train_aug_135.wav,others
/content/drive/MyDrive/AImodels/codes/experiments/Mark4.7/data/train/others_train_aug_136.wav,others
/content/drive/MyDrive/AImodels/codes/experiments/Mark4.7/data/train/others_train_aug_137.wav,others
/content/drive/MyDrive/AImodels/codes/experiments/Mark4.7/data/train/others_train_aug_138.wav,others
/content/drive/MyDrive/AImodels/codes/experiments/Mark4.7/data/train/others_train_aug_139.wav,others
/content/drive/MyDrive/AImodels/codes/experiments/Mark4.7/data/train/others_train_aug_140.wav,others
/content/drive/MyDrive/AImodels/codes/experiments/Mark4.7/data/train/others_train_aug_141.wav,others
/content/drive/MyDrive/AImodels/codes/experiments/Mark4.7/data/train/others_train_aug_142.wav,others
/content/drive/MyDrive/AImodels/codes/experiments/Mark4.7/data/train/others_train_aug_143.wav,others
/content/drive/MyDrive/AImodels/codes/experiments/Mark4.7/data/train/others_train_aug_144.wav,others
/content/drive/MyDrive/AImodels/codes/experiments/Mark4.7/data/train/others_train_aug_145.wav,others
/content/drive/MyDrive/AImodels/codes/experiments/Mark4.7/data/train/others_train_aug_146.wav,others
/content/drive/MyDrive/AImodels/codes/experiments/Mark4.7/data/train/others_train_aug_147.wav,others
/content/drive/MyDrive/AImodels/codes/experiments/Mark4.7/data/train/others_train_aug_148.wav,others
/content/drive/MyDrive/AImodels/codes/experiments/Mark4.7/data/train/others_train_aug_149.wav,others
/content/drive/MyDrive/AImodels/codes/experiments/Mark4.7/data/train/others_train_aug_150.wav,others
/content/drive/MyDrive/AImodels/codes/experiments/Mark4.7/data/train/others_train_aug_151.wav,others
/content/drive/MyDrive/AImodels/codes/experiments/Mark4.7/data/train/others_train_aug_152.wav,others
/content/drive/MyDrive/AImodels/codes/experiments/Mark4.7/data/train/others_train_aug_153.wav,others
/content/drive/MyDrive/AImodels/codes/experiments/Mark4.7/data/train/others_train_aug_154.wav,others
/content/drive/MyDrive/AImodels/codes/experiments/Mark4.7/data/train/others_train_aug_155.wav,others
/content/drive/MyDrive/AImodels/codes/experiments/Mark4.7/data/train/others_train_aug_156.wav,others
/content/drive/MyDrive/AImodels/codes/experiments/Mark4.7/data/train/others_train_aug_157.wav,others
/content/drive/MyDrive/AImodels/codes/experiments/Mark4.7/data/train/others_train_aug_158.wav,others
/content/drive/MyDrive/AImodels/codes/experiments/Mark4.7/data/train/others_train_aug_159.wav,others
/content/drive/MyDrive/AImodels/codes/experiments/Mark4.7/data/train/others_train_aug_160.wav,others
/content/drive/MyDrive/AImodels/codes/experiments/Mark4.7/data/train/others_train_aug_161.wav,others
/content/drive/MyDrive/AImodels/codes/experiments/Mark4.7/data/train/others_train_aug_162.wav,others
/content/drive/MyDrive/AImodels/codes/experiments/Mark4.7/data/train/others_train_aug_163.wav,others
/content/drive/MyDrive/AImodels/codes/experiments/Mark4.7/data/train/others_train_aug_164.wav,others
/content/drive/MyDrive/AImodels/codes/experiments/Mark4.7/data/train/others_train_aug_165.wav,others
/content/drive/MyDrive/AImodels/codes/experiments/Mark4.7/data/train/others_train_aug_166.wav,others
/content/drive/MyDrive/AImodels/codes/experiments/Mark4.7/data/train/others_train_aug_167.wav,others
/content/drive/MyDrive/AImodels/codes/experiments/Mark4.7/data/train/others_train_aug_168.wav,others
/content/drive/MyDrive/AImodels/codes/experiments/Mark4.7/data/train/others_train_aug_169.wav,others
/content/drive/MyDrive/AImodels/codes/experiments/Mark4.7/data/train/others_train_aug_170.wav,others
/content/drive/MyDrive/AImodels/codes/experiments/Mark4.7/data/train/others_train_aug_171.wav,others
/content/drive/MyDrive/AImodels/codes/experiments/Mark4.7/data/train/others_train_aug_172.wav,others
/content/drive/MyDrive/AImodels/codes/experiments/Mark4.7/data/train/others_train_aug_173.wav,others
/content/drive/MyDrive/AImodels/codes/experiments/Mark4.7/data/train/others_train_aug_174.wav,others
/content/drive/MyDrive/AImodels/codes/experiments/Mark4.7/data/train/others_train_aug_175.wav,others
/content/drive/MyDrive/AImodels/codes/experiments/Mark4.7/data/train/others_train_aug_176.wav,others
/content/drive/MyDrive/AImodels/codes/experiments/Mark4.7/data/train/others_train_aug_177.wav,others
/content/drive/MyDrive/AImodels/codes/experiments/Mark4.7/data/train/others_train_aug_178.wav,others
/content/drive/MyDrive/AImodels/codes/experiments/Mark4.7/data/train/others_train_aug_179.wav,others
/content/drive/MyDrive/AImodels/codes/experiments/Mark4.7/data/train/others_train_aug_180.wav,others
/content/drive/MyDrive/AImodels/codes/experiments/Mark4.7/data/train/others_train_aug_181.wav,others
/content/drive/MyDrive/AImodels/codes/experiments/Mark4.7/data/train/others_train_aug_182.wav,others
/content/drive/MyDrive/AImodels/codes/experiments/Mark4.7/data/train/others_train_aug_183.wav,others
/content/drive/MyDrive/AImodels/codes/experiments/Mark4.7/data/train/others_train_aug_184.wav,others
/content/drive/MyDrive/AImodels/codes/experiments/Mark4.7/data/train/others_train_aug_185.wav,others
/content/drive/MyDrive/AImodels/codes/experiments/Mark4.7/data/train/others_train_aug_186.wav,others
/content/drive/MyDrive/AImodels/codes/experiments/Mark4.7/data/train/others_train_aug_187.wav,others
/content/drive/MyDrive/AImodels/codes/experiments/Mark4.7/data/train/others_train_aug_188.wav,others
/content/drive/MyDrive/AImodels/codes/experiments/Mark4.7/data/train/others_train_aug_189.wav,others
/content/drive/MyDrive/AImodels/codes/experiments/Mark4.7/data/train/others_train_aug_190.wav,others
/content/drive/MyDrive/AImodels/codes/experiments/Mark4.7/data/train/others_train_aug_191.wav,others
/content/drive/MyDrive/AImodels/codes/experiments/Mark4.7/data/train/others_train_aug_192.wav,others
/content/drive/MyDrive/AImodels/codes/experiments/Mark4.7/data/train/others_train_aug_193.wav,others
/content/drive/MyDrive/AImodels/codes/experiments/Mark4.7/data/train/others_train_aug_194.wav,others
/content/drive/MyDrive/AImodels/codes/experiments/Mark4.7/data/train/others_train_aug_195.wav,others
/content/drive/MyDrive/AImodels/codes/experiments/Mark4.7/data/train/others_train_aug_196.wav,others
/content/drive/MyDrive/AImodels/codes/experiments/Mark4.7/data/train/others_train_aug_197.wav,others
/content/drive/MyDrive/AImodels/codes/experiments/Mark4.7/data/train/others_train_aug_198.wav,others
/content/drive/MyDrive/AImodels/codes/experiments/Mark4.7/data/train/others_train_aug_199.wav,others
/content/drive/MyDrive/AImodels/codes/experiments/Mark4.7/data/train/others_train_aug_200.wav,others
/content/drive/MyDrive/AImodels/codes/experiments/Mark4.7/data/train/others_train_aug_201.wav,others
/content/drive/MyDrive/AImodels/codes/experiments/Mark4.7/data/train/others_train_aug_202.wav,others
/content/drive/MyDrive/AImodels/codes/experiments/Mark4.7/data/train/others_train_aug_203.wav,others
/content/drive/MyDrive/AImodels/codes/experiments/Mark4.7/data/train/others_train_aug_204.wav,others
/content/drive/MyDrive/AImodels/codes/experiments/Mark4.7/data/train/others_train_aug_205.wav,others
/content/drive/MyDrive/AImodels/codes/experiments/Mark4.7/data/train/others_train_aug_206.wav,others
/content/drive/MyDrive/AImodels/codes/experiments/Mark4.7/data/train/others_train_aug_207.wav,others
/content/drive/MyDrive/AImodels/codes/experiments/Mark4.7/data/train/others_train_aug_208.wav,others
/content/drive/MyDrive/AImodels/codes/experiments/Mark4.7/data/train/others_train_aug_209.wav,others
/content/drive/MyDrive/AImodels/codes/experiments/Mark4.7/data/train/others_train_aug_210.wav,others
/content/drive/MyDrive/AImodels/codes/experiments/Mark4.7/data/train/others_train_aug_211.wav,others
/content/drive/MyDrive/AImodels/codes/experiments/Mark4.7/data/train/others_train_aug_212.wav,others
/content/drive/MyDrive/AImodels/codes/experiments/Mark4.7/data/train/others_train_aug_213.wav,others
/content/drive/MyDrive/AImodels/codes/experiments/Mark4.7/data/train/others_train_aug_214.wav,others
/content/drive/MyDrive/AImodels/codes/experiments/Mark4.7/data/train/others_train_aug_215.wav,others
/content/drive/MyDrive/AImodels/codes/experiments/Mark4.7/data/train/others_train_aug_216.wav,others
/content/drive/MyDrive/AImodels/codes/experiments/Mark4.7/data/train/others_train_aug_217.wav,others
/content/drive/MyDrive/AImodels/codes/experiments/Mark4.7/data/train/others_train_aug_218.wav,others
/content/drive/MyDrive/AImodels/codes/experiments/Mark4.7/data/train/others_train_aug_219.wav,others
/content/drive/MyDrive/AImodels/codes/experiments/Mark4.7/data/train/others_train_aug_220.wav,others
/content/drive/MyDrive/AImodels/codes/experiments/Mark4.7/data/train/others_train_aug_221.wav,others
/content/drive/MyDrive/AImodels/codes/experiments/Mark4.7/data/train/others_train_aug_222.wav,others
/content/drive/MyDrive/AImodels/codes/experiments/Mark4.7/data/train/others_train_aug_223.wav,others
/content/drive/MyDrive/AImodels/codes/experiments/Mark4.7/data/train/others_train_aug_224.wav,others
/content/drive/MyDrive/AImodels/codes/experiments/Mark4.7/data/train/others_train_aug_225.wav,others
/content/drive/MyDrive/AImodels/codes/experiments/Mark4.7/data/train/others_train_aug_226.wav,others
/content/drive/MyDrive/AImodels/codes/experiments/Mark4.7/data/train/others_train_aug_227.wav,others
/content/drive/MyDrive/AImodels/codes/experiments/Mark4.7/data/train/others_train_aug_228.wav,others
/content/drive/MyDrive/AImodels/codes/experiments/Mark4.7/data/train/others_train_aug_229.wav,others
/content/drive/MyDrive/AImodels/codes/experiments/Mark4.7/data/train/others_train_aug_230.wav,others
/content/drive/MyDrive/AImodels/codes/experiments/Mark4.7/data/train/others_train_aug_231.wav,others
/content/drive/MyDrive/AImodels/codes/experiments/Mark4.7/data/train/others_train_aug_232.wav,others
/content/drive/MyDrive/AImodels/codes/experiments/Mark4.7/data/train/others_train_aug_233.wav,others
/content/drive/MyDrive/AImodels/codes/experiments/Mark4.7/data/train/others_train_aug_234.wav,others
/content/drive/MyDrive/AImodels/codes/experiments/Mark4.7/data/train/others_train_aug_235.wav,others
/content/drive/MyDrive/AImodels/codes/experiments/Mark4.7/data/train/others_train_aug_236.wav,others
/content/drive/MyDrive/AImodels/codes/experiments/Mark4.7/data/train/others_train_aug_237.wav,others
/content/drive/MyDrive/AImodels/codes/experiments/Mark4.7/data/train/others_train_aug_238.wav,others
/content/drive/MyDrive/AImodels/codes/experiments/Mark4.7/data/train/others_train_aug_239.wav,others
/content/drive/MyDrive/AImodels/codes/experiments/Mark4.7/data/train/others_train_aug_240.wav,others
/content/drive/MyDrive/AImodels/codes/experiments/Mark4.7/data/train/others_train_aug_241.wav,others
/content/drive/MyDrive/AImodels/codes/experiments/Mark4.7/data/train/others_train_aug_242.wav,others
/content/drive/MyDrive/AImodels/codes/experiments/Mark4.7/data/train/others_train_aug_243.wav,others
/content/drive/MyDrive/AImodels/codes/experiments/Mark4.7/data/train/others_train_aug_244.wav,others
/content/drive/MyDrive/AImodels/codes/experiments/Mark4.7/data/train/others_train_aug_245.wav,others
/content/drive/MyDrive/AImodels/codes/experiments/Mark4.7/data/train/others_train_aug_246.wav,others
/content/drive/MyDrive/AImodels/codes/experiments/Mark4.7/data/train/others_train_aug_247.wav,others
/content/drive/MyDrive/AImodels/codes/experiments/Mark4.7/data/train/others_train_aug_248.wav,others
/content/drive/MyDrive/AImodels/codes/experiments/Mark4.7/data/train/others_train_aug_249.wav,others
/content/drive/MyDrive/AImodels/codes/experiments/Mark4.7/data/train/others_train_aug_250.wav,others
/content/drive/MyDrive/AImodels/codes/experiments/Mark4.7/data/train/others_train_aug_251.wav,others
/content/drive/MyDrive/AImodels/codes/experiments/Mark4.7/data/train/others_train_aug_252.wav,others
/content/drive/MyDrive/AImodels/codes/experiments/Mark4.7/data/train/others_train_aug_253.wav,others
/content/drive/MyDrive/AImodels/codes/experiments/Mark4.7/data/train/others_train_aug_254.wav,others
/content/drive/MyDrive/AImodels/codes/experiments/Mark4.7/data/train/others_train_aug_255.wav,others
/content/drive/MyDrive/AImodels/codes/experiments/Mark4.7/data/train/others_train_aug_256.wav,others
/content/drive/MyDrive/AImodels/codes/experiments/Mark4.7/data/train/others_train_aug_257.wav,others
/content/drive/MyDrive/AImodels/codes/experiments/Mark4.7/data/train/others_train_aug_258.wav,others
/content/drive/MyDrive/AImodels/codes/experiments/Mark4.7/data/train/others_train_aug_259.wav,others
/content/drive/MyDrive/AImodels/codes/experiments/Mark4.7/data/train/others_train_aug_260.wav,others
/content/drive/MyDrive/AImodels/codes/experiments/Mark4.7/data/train/others_train_aug_261.wav,others
/content/drive/MyDrive/AImodels/codes/experiments/Mark4.7/data/train/others_train_aug_262.wav,others
/content/drive/MyDrive/AImodels/codes/experiments/Mark4.7/data/train/others_train_aug_263.wav,others
/content/drive/MyDrive/AImodels/codes/experiments/Mark4.7/data/train/others_train_aug_264.wav,others
/content/drive/MyDrive/AImodels/codes/experiments/Mark4.7/data/train/others_train_aug_265.wav,others
/content/drive/MyDrive/AImodels/codes/experiments/Mark4.7/data/train/others_train_aug_266.wav,others
/content/drive/MyDrive/AImodels/codes/experiments/Mark4.7/data/train/others_train_aug_267.wav,others
/content/drive/MyDrive/AImodels/codes/experiments/Mark4.7/data/train/others_train_aug_268.wav,others
/content/drive/MyDrive/AImodels/codes/experiments/Mark4.7/data/train/others_train_aug_269.wav,others
/content/drive/MyDrive/AImodels/codes/experiments/Mark4.7/data/train/others_train_aug_270.wav,others
/content/drive/MyDrive/AImodels/codes/experiments/Mark4.7/data/train/others_train_aug_271.wav,others
/content/drive/MyDrive/AImodels/codes/experiments/Mark4.7/data/train/others_train_aug_272.wav,others
/content/drive/MyDrive/AImodels/codes/experiments/Mark4.7/data/train/others_train_aug_273.wav,others
/content/drive/MyDrive/AImodels/codes/experiments/Mark4.7/data/train/others_train_aug_274.wav,others
/content/drive/MyDrive/AImodels/codes/experiments/Mark4.7/data/train/others_train_aug_275.wav,others
/content/drive/MyDrive/AImodels/codes/experiments/Mark4.7/data/train/others_train_aug_276.wav,others
/content/drive/MyDrive/AImodels/codes/experiments/Mark4.7/data/train/others_train_aug_277.wav,others
/content/drive/MyDrive/AImodels/codes/experiments/Mark4.7/data/train/others_train_aug_278.wav,others
/content/drive/MyDrive/AImodels/codes/experiments/Mark4.7/data/train/others_train_aug_279.wav,others
/content/drive/MyDrive/AImodels/codes/experiments/Mark4.7/data/train/others_train_aug_280.wav,others
/content/drive/MyDrive/AImodels/codes/experiments/Mark4.7/data/train/others_train_aug_281.wav,others
/content/drive/MyDrive/AImodels/codes/experiments/Mark4.7/data/train/others_train_aug_282.wav,others
/content/drive/MyDrive/AImodels/codes/experiments/Mark4.7/data/train/others_train_aug_283.wav,others
/content/drive/MyDrive/AImodels/codes/experiments/Mark4.7/data/train/others_train_aug_284.wav,others
/content/drive/MyDrive/AImodels/codes/experiments/Mark4.7/data/train/others_train_aug_285.wav,others
/content/drive/MyDrive/AImodels/codes/experiments/Mark4.7/data/train/others_train_aug_286.wav,others
/content/drive/MyDrive/AImodels/codes/experiments/Mark4.7/data/train/others_train_aug_287.wav,others
/content/drive/MyDrive/AImodels/codes/experiments/Mark4.7/data/train/others_train_aug_288.wav,others
/content/drive/MyDrive/AImodels/codes/experiments/Mark4.7/data/train/others_train_aug_289.wav,others
/content/drive/MyDrive/AImodels/codes/experiments/Mark4.7/data/train/others_train_aug_290.wav,others
/content/drive/MyDrive/AImodels/codes/experiments/Mark4.7/data/train/others_train_aug_291.wav,others
/content/drive/MyDrive/AImodels/codes/experiments/Mark4.7/data/train/others_train_aug_292.wav,others
/content/drive/MyDrive/AImodels/codes/experiments/Mark4.7/data/train/others_train_aug_293.wav,others
/content/drive/MyDrive/AImodels/codes/experiments/Mark4.7/data/train/others_train_aug_294.wav,others
/content/drive/MyDrive/AImodels/codes/experiments/Mark4.7/data/train/others_train_aug_295.wav,others
/content/drive/MyDrive/AImodels/codes/experiments/Mark4.7/data/train/others_train_aug_296.wav,others
/content/drive/MyDrive/AImodels/codes/experiments/Mark4.7/data/train/others_train_aug_297.wav,others
/content/drive/MyDrive/AImodels/codes/experiments/Mark4.7/data/train/others_train_aug_298.wav,others
/content/drive/MyDrive/AImodels/codes/experiments/Mark4.7/data/train/others_train_aug_299.wav,others
/content/drive/MyDrive/AImodels/codes/experiments/Mark4.7/data/train/others_train_aug_300.wav,others
/content/drive/MyDrive/AImodels/codes/experiments/Mark4.7/data/train/others_train_aug_301.wav,others
/content/drive/MyDrive/AImodels/codes/experiments/Mark4.7/data/train/others_train_aug_302.wav,others
/content/drive/MyDrive/AImodels/codes/experiments/Mark4.7/data/train/others_train_aug_303.wav,others
/content/drive/MyDrive/AImodels/codes/experiments/Mark4.7/data/train/others_train_aug_304.wav,others
/content/drive/MyDrive/AImodels/codes/experiments/Mark4.7/data/train/others_train_aug_305.wav,others
/content/drive/MyDrive/AImodels/codes/experiments/Mark4.7/data/train/others_train_aug_306.wav,others
/content/drive/MyDrive/AImodels/codes/experiments/Mark4.7/data/train/others_train_aug_307.wav,others
/content/drive/MyDrive/AImodels/codes/experiments/Mark4.7/data/train/others_train_aug_308.wav,others
/content/drive/MyDrive/AImodels/codes/experiments/Mark4.7/data/train/others_train_aug_309.wav,others
/content/drive/MyDrive/AImodels/codes/experiments/Mark4.7/data/train/others_train_aug_310.wav,others
/content/drive/MyDrive/AImodels/codes/experiments/Mark4.7/data/train/others_train_aug_311.wav,others
/content/drive/MyDrive/AImodels/codes/experiments/Mark4.7/data/train/others_train_aug_312.wav,others
/content/drive/MyDrive/AImodels/codes/experiments/Mark4.7/data/train/others_train_aug_313.wav,others
/content/drive/MyDrive/AImodels/codes/experiments/Mark4.7/data/train/others_train_aug_314.wav,others
/content/drive/MyDrive/AImodels/codes/experiments/Mark4.7/data/train/others_train_aug_315.wav,others
/content/drive/MyDrive/AImodels/codes/experiments/Mark4.7/data/train/others_train_aug_316.wav,others
/content/drive/MyDrive/AImodels/codes/experiments/Mark4.7/data/train/others_train_aug_317.wav,others
/content/drive/MyDrive/AImodels/codes/experiments/Mark4.7/data/train/others_train_aug_318.wav,others
/content/drive/MyDrive/AImodels/codes/experiments/Mark4.7/data/train/others_train_aug_319.wav,others
/content/drive/MyDrive/AImodels/codes/experiments/Mark4.7/data/train/others_train_aug_320.wav,others
/content/drive/MyDrive/AImodels/codes/experiments/Mark4.7/data/train/others_train_aug_321.wav,others
/content/drive/MyDrive/AImodels/codes/experiments/Mark4.7/data/train/others_train_aug_322.wav,others
/content/drive/MyDrive/AImodels/codes/experiments/Mark4.7/data/train/others_train_aug_323.wav,others
/content/drive/MyDrive/AImodels/codes/experiments/Mark4.7/data/train/others_train_aug_324.wav,others
/content/drive/MyDrive/AImodels/codes/experiments/Mark4.7/data/train/others_train_aug_325.wav,others
/content/drive/MyDrive/AImodels/codes/experiments/Mark4.7/data/train/others_train_aug_326.wav,others
/content/drive/MyDrive/AImodels/codes/experiments/Mark4.7/data/train/others_train_aug_327.wav,others
/content/drive/MyDrive/AImodels/codes/experiments/Mark4.7/data/train/others_train_aug_328.wav,others
/content/drive/MyDrive/AImodels/codes/experiments/Mark4.7/data/train/others_train_aug_329.wav,others
/content/drive/MyDrive/AImodels/codes/experiments/Mark4.7/data/train/others_train_aug_330.wav,others
/content/drive/MyDrive/AImodels/codes/experiments/Mark4.7/data/train/others_train_aug_331.wav,others
/content/drive/MyDrive/AImodels/codes/experiments/Mark4.7/data/train/others_train_aug_332.wav,others
/content/drive/MyDrive/AImodels/codes/experiments/Mark4.7/data/train/others_train_aug_333.wav,others
/content/drive/MyDrive/AImodels/codes/experiments/Mark4.7/data/train/others_train_aug_334.wav,others
/content/drive/MyDrive/AImodels/codes/experiments/Mark4.7/data/train/others_train_aug_335.wav,others
/content/drive/MyDrive/AImodels/codes/experiments/Mark4.7/data/train/others_train_aug_336.wav,others
/content/drive/MyDrive/AImodels/codes/experiments/Mark4.7/data/train/others_train_aug_337.wav,others
/content/drive/MyDrive/AImodels/codes/experiments/Mark4.7/data/train/others_train_aug_338.wav,others
/content/drive/MyDrive/AImodels/codes/experiments/Mark4.7/data/train/others_train_aug_339.wav,others
/content/drive/MyDrive/AImodels/codes/experiments/Mark4.7/data/train/others_train_aug_340.wav,others
/content/drive/MyDrive/AImodels/codes/experiments/Mark4.7/data/train/others_train_aug_341.wav,others
/content/drive/MyDrive/AImodels/codes/experiments/Mark4.7/data/train/others_train_aug_342.wav,others
/content/drive/MyDrive/AImodels/codes/experiments/Mark4.7/data/train/others_train_aug_343.wav,others
/content/drive/MyDrive/AImodels/codes/experiments/Mark4.7/data/train/others_train_aug_344.wav,others
/content/drive/MyDrive/AImodels/codes/experiments/Mark4.7/data/train/others_train_aug_345.wav,others
/content/drive/MyDrive/AImodels/codes/experiments/Mark4.7/data/train/others_train_aug_346.wav,others
/content/drive/MyDrive/AImodels/codes/experiments/Mark4.7/data/train/others_train_aug_347.wav,others
/content/drive/MyDrive/AImodels/codes/experiments/Mark4.7/data/train/others_train_aug_348.wav,others
/content/drive/MyDrive/AImodels/codes/experiments/Mark4.7/data/train/others_train_aug_349.wav,others
/content/drive/MyDrive/AImodels/codes/experiments/Mark4.7/data/train/others_train_aug_350.wav,others
/content/drive/MyDrive/AImodels/codes/experiments/Mark4.7/data/train/others_train_aug_351.wav,others
/content/drive/MyDrive/AImodels/codes/experiments/Mark4.7/data/train/others_train_aug_352.wav,others
/content/drive/MyDrive/AImodels/codes/experiments/Mark4.7/data/train/others_train_aug_353.wav,others
/content/drive/MyDrive/AImodels/codes/experiments/Mark4.7/data/train/others_train_aug_354.wav,others
/content/drive/MyDrive/AImodels/codes/experiments/Mark4.7/data/train/others_train_aug_355.wav,others
/content/drive/MyDrive/AImodels/codes/experiments/Mark4.7/data/train/others_train_aug_356.wav,others
/content/drive/MyDrive/AImodels/codes/experiments/Mark4.7/data/train/others_train_aug_357.wav,others
/content/drive/MyDrive/AImodels/codes/experiments/Mark4.7/data/train/others_train_aug_358.wav,others
/content/drive/MyDrive/AImodels/codes/experiments/Mark4.7/data/train/others_train_aug_359.wav,others
/content/drive/MyDrive/AImodels/codes/experiments/Mark4.7/data/train/others_train_aug_360.wav,others
/content/drive/MyDrive/AImodels/codes/experiments/Mark4.7/data/train/others_train_aug_361.wav,others
/content/drive/MyDrive/AImodels/codes/experiments/Mark4.7/data/train/others_train_aug_362.wav,others
/content/drive/MyDrive/AImodels/codes/experiments/Mark4.7/data/train/others_train_aug_363.wav,others
/content/drive/MyDrive/AImodels/codes/experiments/Mark4.7/data/train/others_train_aug_364.wav,others
/content/drive/MyDrive/AImodels/codes/experiments/Mark4.7/data/train/others_train_aug_365.wav,others
/content/drive/MyDrive/AImodels/codes/experiments/Mark4.7/data/train/others_train_aug_366.wav,others
/content/drive/MyDrive/AImodels/codes/experiments/Mark4.7/data/train/others_train_aug_367.wav,others
/content/drive/MyDrive/AImodels/codes/experiments/Mark4.7/data/train/others_train_aug_368.wav,others
/content/drive/MyDrive/AImodels/codes/experiments/Mark4.7/data/train/others_train_aug_369.wav,others
/content/drive/MyDrive/AImodels/codes/experiments/Mark4.7/data/train/others_train_aug_370.wav,others
/content/drive/MyDrive/AImodels/codes/experiments/Mark4.7/data/train/others_train_aug_371.wav,others
/content/drive/MyDrive/AImodels/codes/experiments/Mark4.7/data/train/others_train_aug_372.wav,others
/content/drive/MyDrive/AImodels/codes/experiments/Mark4.7/data/train/others_train_aug_373.wav,others
/content/drive/MyDrive/AImodels/codes/experiments/Mark4.7/data/train/others_train_aug_374.wav,others
/content/drive/MyDrive/AImodels/codes/experiments/Mark4.7/data/train/others_train_aug_375.wav,others
/content/drive/MyDrive/AImodels/codes/experiments/Mark4.7/data/train/others_train_aug_376.wav,others
/content/drive/MyDrive/AImodels/codes/experiments/Mark4.7/data/train/others_train_aug_377.wav,others
/content/drive/MyDrive/AImodels/codes/experiments/Mark4.7/data/train/others_train_aug_378.wav,others
/content/drive/MyDrive/AImodels/codes/experiments/Mark4.7/data/train/others_train_aug_379.wav,others
/content/drive/MyDrive/AImodels/codes/experiments/Mark4.7/data/train/others_train_aug_380.wav,others
/content/drive/MyDrive/AImodels/codes/experiments/Mark4.7/data/train/others_train_aug_381.wav,others
/content/drive/MyDrive/AImodels/codes/experiments/Mark4.7/data/train/others_train_aug_382.wav,others
/content/drive/MyDrive/AImodels/codes/experiments/Mark4.7/data/train/others_train_aug_383.wav,others
/content/drive/MyDrive/AImodels/codes/experiments/Mark4.7/data/train/others_train_aug_384.wav,others
/content/drive/MyDrive/AImodels/codes/experiments/Mark4.7/data/train/others_train_aug_385.wav,others
/content/drive/MyDrive/AImodels/codes/experiments/Mark4.7/data/train/others_train_aug_386.wav,others
/content/drive/MyDrive/AImodels/codes/experiments/Mark4.7/data/train/others_train_aug_387.wav,others
/content/drive/MyDrive/AImodels/codes/experiments/Mark4.7/data/train/others_train_aug_388.wav,others
/content/drive/MyDrive/AImodels/codes/experiments/Mark4.7/data/train/others_train_aug_389.wav,others
/content/drive/MyDrive/AImodels/codes/experiments/Mark4.7/data/train/others_train_aug_390.wav,others
/content/drive/MyDrive/AImodels/codes/experiments/Mark4.7/data/train/others_train_aug_391.wav,others
/content/drive/MyDrive/AImodels/codes/experiments/Mark4.7/data/train/others_train_aug_392.wav,others
/content/drive/MyDrive/AImodels/codes/experiments/Mark4.7/data/train/others_train_aug_393.wav,others
/content/drive/MyDrive/AImodels/codes/experiments/Mark4.7/data/train/others_train_aug_394.wav,others
/content/drive/MyDrive/AImodels/codes/experiments/Mark4.7/data/train/others_train_aug_395.wav,others
/content/drive/MyDrive/AImodels/codes/experiments/Mark4.7/data/train/others_train_aug_396.wav,others
/content/drive/MyDrive/AImodels/codes/experiments/Mark4.7/data/train/others_train_aug_397.wav,others
/content/drive/MyDrive/AImodels/codes/experiments/Mark4.7/data/train/others_train_aug_398.wav,others
/content/drive/MyDrive/AImodels/codes/experiments/Mark4.7/data/train/others_train_aug_399.wav,others
/content/drive/MyDrive/AImodels/codes/experiments/Mark4.7/data/train/others_train_aug_400.wav,others
/content/drive/MyDrive/AImodels/codes/experiments/Mark4.7/data/train/others_train_aug_401.wav,others
/content/drive/MyDrive/AImodels/codes/experiments/Mark4.7/data/train/others_train_aug_402.wav,others
/content/drive/MyDrive/AImodels/codes/experiments/Mark4.7/data/train/others_train_aug_403.wav,others
/content/drive/MyDrive/AImodels/codes/experiments/Mark4.7/data/train/others_train_aug_404.wav,others
/content/drive/MyDrive/AImodels/codes/experiments/Mark4.7/data/train/others_train_aug_405.wav,others
/content/drive/MyDrive/AImodels/codes/experiments/Mark4.7/data/train/others_train_aug_406.wav,others
/content/drive/MyDrive/AImodels/codes/experiments/Mark4.7/data/train/others_train_aug_407.wav,others
/content/drive/MyDrive/AImodels/codes/experiments/Mark4.7/data/train/others_train_aug_408.wav,others
/content/drive/MyDrive/AImodels/codes/experiments/Mark4.7/data/train/others_train_aug_409.wav,others
/content/drive/MyDrive/AImodels/codes/experiments/Mark4.7/data/train/others_train_aug_410.wav,others
/content/drive/MyDrive/AImodels/codes/experiments/Mark4.7/data/train/others_train_aug_411.wav,others
/content/drive/MyDrive/AImodels/codes/experiments/Mark4.7/data/train/others_train_aug_412.wav,others
/content/drive/MyDrive/AImodels/codes/experiments/Mark4.7/data/train/others_train_aug_413.wav,others
/content/drive/MyDrive/AImodels/codes/experiments/Mark4.7/data/train/others_train_aug_414.wav,others
/content/drive/MyDrive/AImodels/codes/experiments/Mark4.7/data/train/others_train_aug_415.wav,others
/content/drive/MyDrive/AImodels/codes/experiments/Mark4.7/data/train/others_train_aug_416.wav,others
/content/drive/MyDrive/AImodels/codes/experiments/Mark4.7/data/train/others_train_aug_417.wav,others
/content/drive/MyDrive/AImodels/codes/experiments/Mark4.7/data/train/others_train_aug_418.wav,others
/content/drive/MyDrive/AImodels/codes/experiments/Mark4.7/data/train/others_train_aug_419.wav,others
/content/drive/MyDrive/AImodels/codes/experiments/Mark4.7/data/train/others_train_aug_420.wav,others
/content/drive/MyDrive/AImodels/codes/experiments/Mark4.7/data/train/others_train_aug_421.wav,others
/content/drive/MyDrive/AImodels/codes/experiments/Mark4.7/data/train/others_train_aug_422.wav,others
/content/drive/MyDrive/AImodels/codes/experiments/Mark4.7/data/train/others_train_aug_423.wav,others
/content/drive/MyDrive/AImodels/codes/experiments/Mark4.7/data/train/others_train_aug_424.wav,others
/content/drive/MyDrive/AImodels/codes/experiments/Mark4.7/data/train/others_train_aug_425.wav,others
/content/drive/MyDrive/AImodels/codes/experiments/Mark4.7/data/train/others_train_aug_426.wav,others
/content/drive/MyDrive/AImodels/codes/experiments/Mark4.7/data/train/others_train_aug_427.wav,others
/content/drive/MyDrive/AImodels/codes/experiments/Mark4.7/data/train/others_train_aug_428.wav,others
/content/drive/MyDrive/AImodels/codes/experiments/Mark4.7/data/train/others_train_aug_429.wav,others
/content/drive/MyDrive/AImodels/codes/experiments/Mark4.7/data/train/others_train_aug_430.wav,others
/content/drive/MyDrive/AImodels/codes/experiments/Mark4.7/data/train/others_train_aug_431.wav,others
/content/drive/MyDrive/AImodels/codes/experiments/Mark4.7/data/train/others_train_aug_432.wav,others
/content/drive/MyDrive/AImodels/codes/experiments/Mark4.7/data/train/others_train_aug_433.wav,others
/content/drive/MyDrive/AImodels/codes/experiments/Mark4.7/data/train/others_train_aug_434.wav,others
/content/drive/MyDrive/AImodels/codes/experiments/Mark4.7/data/train/others_train_aug_435.wav,others
/content/drive/MyDrive/AImodels/codes/experiments/Mark4.7/data/train/others_train_aug_436.wav,others
/content/drive/MyDrive/AImodels/codes/experiments/Mark4.7/data/train/others_train_aug_437.wav,others
/content/drive/MyDrive/AImodels/codes/experiments/Mark4.7/data/train/others_train_aug_438.wav,others
/content/drive/MyDrive/AImodels/codes/experiments/Mark4.7/data/train/others_train_aug_439.wav,others
/content/drive/MyDrive/AImodels/codes/experiments/Mark4.7/data/train/others_train_aug_440.wav,others
/content/drive/MyDrive/AImodels/codes/experiments/Mark4.7/data/train/others_train_aug_441.wav,others
/content/drive/MyDrive/AImodels/codes/experiments/Mark4.7/data/train/others_train_aug_442.wav,others
/content/drive/MyDrive/AImodels/codes/experiments/Mark4.7/data/train/others_train_aug_443.wav,others
/content/drive/MyDrive/AImodels/codes/experiments/Mark4.7/data/train/others_train_aug_444.wav,others
/content/drive/MyDrive/AImodels/codes/experiments/Mark4.7/data/train/others_train_aug_445.wav,others
/content/drive/MyDrive/AImodels/codes/experiments/Mark4.7/data/train/others_train_aug_446.wav,others
/content/drive/MyDrive/AImodels/codes/experiments/Mark4.7/data/train/others_train_aug_447.wav,others
/content/drive/MyDrive/AImodels/codes/experiments/Mark4.7/data/train/others_train_aug_448.wav,others
/content/drive/MyDrive/AImodels/codes/experiments/Mark4.7/data/train/others_train_aug_449.wav,others
/content/drive/MyDrive/AImodels/codes/experiments/Mark4.7/data/train/others_train_aug_450.wav,others
/content/drive/MyDrive/AImodels/codes/experiments/Mark4.7/data/train/others_train_aug_451.wav,others
/content/drive/MyDrive/AImodels/codes/experiments/Mark4.7/data/train/others_train_aug_452.wav,others
/content/drive/MyDrive/AImodels/codes/experiments/Mark4.7/data/train/others_train_aug_453.wav,others
/content/drive/MyDrive/AImodels/codes/experiments/Mark4.7/data/train/others_train_aug_454.wav,others
/content/drive/MyDrive/AImodels/codes/experiments/Mark4.7/data/train/others_train_aug_455.wav,others
/content/drive/MyDrive/AImodels/codes/experiments/Mark4.7/data/train/others_train_aug_456.wav,others
/content/drive/MyDrive/AImodels/codes/experiments/Mark4.7/data/train/others_train_aug_457.wav,others
/content/drive/MyDrive/AImodels/codes/experiments/Mark4.7/data/train/others_train_aug_458.wav,others
/content/drive/MyDrive/AImodels/codes/experiments/Mark4.7/data/train/others_train_aug_459.wav,others
/content/drive/MyDrive/AImodels/codes/experiments/Mark4.7/data/train/others_train_aug_460.wav,others
/content/drive/MyDrive/AImodels/codes/experiments/Mark4.7/data/train/others_train_aug_461.wav,others
/content/drive/MyDrive/AImodels/codes/experiments/Mark4.7/data/train/others_train_aug_462.wav,others
/content/drive/MyDrive/AImodels/codes/experiments/Mark4.7/data/train/others_train_aug_463.wav,others
/content/drive/MyDrive/AImodels/codes/experiments/Mark4.7/data/train/others_train_aug_464.wav,others
/content/drive/MyDrive/AImodels/codes/experiments/Mark4.7/data/train/others_train_aug_465.wav,others
/content/drive/MyDrive/AImodels/codes/experiments/Mark4.7/data/train/others_train_aug_466.wav,others
/content/drive/MyDrive/AImodels/codes/experiments/Mark4.7/data/train/others_train_aug_467.wav,others
/content/drive/MyDrive/AImodels/codes/experiments/Mark4.7/data/train/others_train_aug_468.wav,others
/content/drive/MyDrive/AImodels/codes/experiments/Mark4.7/data/train/others_train_aug_469.wav,others
/content/drive/MyDrive/AImodels/codes/experiments/Mark4.7/data/train/others_train_aug_470.wav,others
/content/drive/MyDrive/AImodels/codes/experiments/Mark4.7/data/train/others_train_aug_471.wav,others
/content/drive/MyDrive/AImodels/codes/experiments/Mark4.7/data/train/others_train_aug_472.wav,others
/content/drive/MyDrive/AImodels/codes/experiments/Mark4.7/data/train/others_train_aug_473.wav,others
/content/drive/MyDrive/AImodels/codes/experiments/Mark4.7/data/train/others_train_aug_474.wav,others
/content/drive/MyDrive/AImodels/codes/experiments/Mark4.7/data/train/others_train_aug_475.wav,others
/content/drive/MyDrive/AImodels/codes/experiments/Mark4.7/data/train/others_train_aug_476.wav,others
/content/drive/MyDrive/AImodels/codes/experiments/Mark4.7/data/train/others_train_aug_477.wav,others
/content/drive/MyDrive/AImodels/codes/experiments/Mark4.7/data/train/others_train_aug_478.wav,others
/content/drive/MyDrive/AImodels/codes/experiments/Mark4.7/data/train/others_train_aug_479.wav,others
/content/drive/MyDrive/AImodels/codes/experiments/Mark4.7/data/train/others_train_aug_480.wav,others
/content/drive/MyDrive/AImodels/codes/experiments/Mark4.7/data/train/others_train_aug_481.wav,others
/content/drive/MyDrive/AImodels/codes/experiments/Mark4.7/data/train/others_train_aug_482.wav,others
/content/drive/MyDrive/AImodels/codes/experiments/Mark4.7/data/train/water_shower_train_001.wav,water_shower
/content/drive/MyDrive/AImodels/codes/experiments/Mark4.7/data/train/water_shower_train_002.wav,water_shower
/content/drive/MyDrive/AImodels/codes/experiments/Mark4.7/data/train/water_shower_train_003.wav,water_shower
/content/drive/MyDrive/AImodels/codes/experiments/Mark4.7/data/train/water_shower_train_004.wav,water_shower
/content/drive/MyDrive/AImodels/codes/experiments/Mark4.7/data/train/water_shower_train_005.wav,water_shower
/content/drive/MyDrive/AImodels/codes/experiments/Mark4.7/data/train/water_shower_train_006.wav,water_shower
/content/drive/MyDrive/AImodels/codes/experiments/Mark4.7/data/train/water_shower_train_007.wav,water_shower
/content/drive/MyDrive/AImodels/codes/experiments/Mark4.7/data/train/water_shower_train_008.wav,water_shower
/content/drive/MyDrive/AImodels/codes/experiments/Mark4.7/data/train/water_shower_train_009.wav,water_shower
/content/drive/MyDrive/AImodels/codes/experiments/Mark4.7/data/train/water_shower_train_010.wav,water_shower
/content/drive/MyDrive/AImodels/codes/experiments/Mark4.7/data/train/water_shower_train_011.wav,water_shower
/content/drive/MyDrive/AImodels/codes/experiments/Mark4.7/data/train/water_shower_train_012.wav,water_shower
/content/drive/MyDrive/AImodels/codes/experiments/Mark4.7/data/train/water_shower_train_013.wav,water_shower
/content/drive/MyDrive/AImodels/codes/experiments/Mark4.7/data/train/water_shower_train_014.wav,water_shower
/content/drive/MyDrive/AImodels/codes/experiments/Mark4.7/data/train/water_shower_train_015.wav,water_shower
/content/drive/MyDrive/AImodels/codes/experiments/Mark4.7/data/train/water_shower_train_016.wav,water_shower
/content/drive/MyDrive/AImodels/codes/experiments/Mark4.7/data/train/water_shower_train_017.wav,water_shower
/content/drive/MyDrive/AImodels/codes/experiments/Mark4.7/data/train/water_shower_train_018.wav,water_shower
/content/drive/MyDrive/AImodels/codes/experiments/Mark4.7/data/train/water_shower_train_019.wav,water_shower
/content/drive/MyDrive/AImodels/codes/experiments/Mark4.7/data/train/water_shower_train_020.wav,water_shower
/content/drive/MyDrive/AImodels/codes/experiments/Mark4.7/data/train/water_shower_train_021.wav,water_shower
/content/drive/MyDrive/AImodels/codes/experiments/Mark4.7/data/train/water_shower_train_022.wav,water_shower
/content/drive/MyDrive/AImodels/codes/experiments/Mark4.7/data/train/water_shower_train_023.wav,water_shower
/content/drive/MyDrive/AImodels/codes/experiments/Mark4.7/data/train/water_shower_train_024.wav,water_shower
/content/drive/MyDrive/AImodels/codes/experiments/Mark4.7/data/train/water_shower_train_025.wav,water_shower
/content/drive/MyDrive/AImodels/codes/experiments/Mark4.7/data/train/water_shower_train_026.wav,water_shower
/content/drive/MyDrive/AImodels/codes/experiments/Mark4.7/data/train/water_shower_train_027.wav,water_shower
/content/drive/MyDrive/AImodels/codes/experiments/Mark4.7/data/train/water_shower_train_028.wav,water_shower
/content/drive/MyDrive/AImodels/codes/experiments/Mark4.7/data/train/water_shower_train_029.wav,water_shower
/content/drive/MyDrive/AImodels/codes/experiments/Mark4.7/data/train/water_shower_train_030.wav,water_shower
/content/drive/MyDrive/AImodels/codes/experiments/Mark4.7/data/train/water_shower_train_031.wav,water_shower
/content/drive/MyDrive/AImodels/codes/experiments/Mark4.7/data/train/water_shower_train_032.wav,water_shower
/content/drive/MyDrive/AImodels/codes/experiments/Mark4.7/data/train/water_shower_train_033.wav,water_shower
/content/drive/MyDrive/AImodels/codes/experiments/Mark4.7/data/train/water_shower_train_034.wav,water_shower
/content/drive/MyDrive/AImodels/codes/experiments/Mark4.7/data/train/water_shower_train_035.wav,water_shower
/content/drive/MyDrive/AImodels/codes/experiments/Mark4.7/data/train/water_shower_train_036.wav,water_shower
/content/drive/MyDrive/AImodels/codes/experiments/Mark4.7/data/train/water_shower_train_037.wav,water_shower
/content/drive/MyDrive/AImodels/codes/experiments/Mark4.7/data/train/water_shower_train_038.wav,water_shower
/content/drive/MyDrive/AImodels/codes/experiments/Mark4.7/data/train/water_shower_train_039.wav,water_shower
/content/drive/MyDrive/AImodels/codes/experiments/Mark4.7/data/train/water_shower_train_040.wav,water_shower
/content/drive/MyDrive/AImodels/codes/experiments/Mark4.7/data/train/water_shower_train_041.wav,water_shower
/content/drive/MyDrive/AImodels/codes/experiments/Mark4.7/data/train/water_shower_train_042.wav,water_shower
/content/drive/MyDrive/AImodels/codes/experiments/Mark4.7/data/train/water_shower_train_043.wav,water_shower
/content/drive/MyDrive/AImodels/codes/experiments/Mark4.7/data/train/water_shower_train_044.wav,water_shower
/content/drive/MyDrive/AImodels/codes/experiments/Mark4.7/data/train/water_shower_train_045.wav,water_shower
/content/drive/MyDrive/AImodels/codes/experiments/Mark4.7/data/train/water_shower_train_046.wav,water_shower
/content/drive/MyDrive/AImodels/codes/experiments/Mark4.7/data/train/water_shower_train_047.wav,water_shower
/content/drive/MyDrive/AImodels/codes/experiments/Mark4.7/data/train/water_shower_train_048.wav,water_shower
/content/drive/MyDrive/AImodels/codes/experiments/Mark4.7/data/train/water_shower_train_049.wav,water_shower
/content/drive/MyDrive/AImodels/codes/experiments/Mark4.7/data/train/water_shower_train_050.wav,water_shower
/content/drive/MyDrive/AImodels/codes/experiments/Mark4.7/data/train/water_shower_train_051.wav,water_shower
/content/drive/MyDrive/AImodels/codes/experiments/Mark4.7/data/train/water_shower_train_052.wav,water_shower
/content/drive/MyDrive/AImodels/codes/experiments/Mark4.7/data/train/water_shower_train_053.wav,water_shower
/content/drive/MyDrive/AImodels/codes/experiments/Mark4.7/data/train/water_shower_train_054.wav,water_shower
/content/drive/MyDrive/AImodels/codes/experiments/Mark4.7/data/train/water_shower_train_055.wav,water_shower
/content/drive/MyDrive/AImodels/codes/experiments/Mark4.7/data/train/water_shower_train_056.wav,water_shower
/content/drive/MyDrive/AImodels/codes/experiments/Mark4.7/data/train/water_shower_train_057.wav,water_shower
/content/drive/MyDrive/AImodels/codes/experiments/Mark4.7/data/train/water_shower_train_058.wav,water_shower
/content/drive/MyDrive/AImodels/codes/experiments/Mark4.7/data/train/water_shower_train_059.wav,water_shower
/content/drive/MyDrive/AImodels/codes/experiments/Mark4.7/data/train/water_shower_train_060.wav,water_shower
/content/drive/MyDrive/AImodels/codes/experiments/Mark4.7/data/train/water_shower_train_061.wav,water_shower
/content/drive/MyDrive/AImodels/codes/experiments/Mark4.7/data/train/water_shower_train_062.wav,water_shower
/content/drive/MyDrive/AImodels/codes/experiments/Mark4.7/data/train/water_shower_train_063.wav,water_shower
/content/drive/MyDrive/AImodels/codes/experiments/Mark4.7/data/train/water_shower_train_064.wav,water_shower
/content/drive/MyDrive/AImodels/codes/experiments/Mark4.7/data/train/water_shower_train_065.wav,water_shower
/content/drive/MyDrive/AImodels/codes/experiments/Mark4.7/data/train/water_shower_train_066.wav,water_shower
/content/drive/MyDrive/AImodels/codes/experiments/Mark4.7/data/train/water_shower_train_067.wav,water_shower
/content/drive/MyDrive/AImodels/codes/experiments/Mark4.7/data/train/water_shower_train_068.wav,water_shower
/content/drive/MyDrive/AImodels/codes/experiments/Mark4.7/data/train/water_shower_train_069.wav,water_shower
/content/drive/MyDrive/AImodels/codes/experiments/Mark4.7/data/train/water_shower_train_070.wav,water_shower
/content/drive/MyDrive/AImodels/codes/experiments/Mark4.7/data/train/water_shower_train_071.wav,water_shower
/content/drive/MyDrive/AImodels/codes/experiments/Mark4.7/data/train/water_shower_train_072.wav,water_shower
/content/drive/MyDrive/AImodels/codes/experiments/Mark4.7/data/train/water_shower_train_073.wav,water_shower
/content/drive/MyDrive/AImodels/codes/experiments/Mark4.7/data/train/water_shower_train_074.wav,water_shower
/content/drive/MyDrive/AImodels/codes/experiments/Mark4.7/data/train/water_shower_train_075.wav,water_shower
/content/drive/MyDrive/AImodels/codes/experiments/Mark4.7/data/train/water_shower_train_076.wav,water_shower
/content/drive/MyDrive/AImodels/codes/experiments/Mark4.7/data/train/water_shower_train_077.wav,water_shower
/content/drive/MyDrive/AImodels/codes/experiments/Mark4.7/data/train/water_shower_train_078.wav,water_shower
/content/drive/MyDrive/AImodels/codes/experiments/Mark4.7/data/train/water_shower_train_079.wav,water_shower
/content/drive/MyDrive/AImodels/codes/experiments/Mark4.7/data/train/water_shower_train_080.wav,water_shower
/content/drive/MyDrive/AImodels/codes/experiments/Mark4.7/data/train/water_shower_train_081.wav,water_shower
/content/drive/MyDrive/AImodels/codes/experiments/Mark4.7/data/train/water_shower_train_082.wav,water_shower
/content/drive/MyDrive/AImodels/codes/experiments/Mark4.7/data/train/water_shower_train_083.wav,water_shower
/content/drive/MyDrive/AImodels/codes/experiments/Mark4.7/data/train/water_shower_train_084.wav,water_shower
/content/drive/MyDrive/AImodels/codes/experiments/Mark4.7/data/train/water_shower_train_085.wav,water_shower
/content/drive/MyDrive/AImodels/codes/experiments/Mark4.7/data/train/water_shower_train_086.wav,water_shower
/content/drive/MyDrive/AImodels/codes/experiments/Mark4.7/data/train/water_shower_train_087.wav,water_shower
/content/drive/MyDrive/AImodels/codes/experiments/Mark4.7/data/train/water_shower_train_088.wav,water_shower
/content/drive/MyDrive/AImodels/codes/experiments/Mark4.7/data/train/water_shower_train_089.wav,water_shower
/content/drive/MyDrive/AImodels/codes/experiments/Mark4.7/data/train/water_shower_train_090.wav,water_shower
/content/drive/MyDrive/AImodels/codes/experiments/Mark4.7/data/train/water_shower_train_091.wav,water_shower
/content/drive/MyDrive/AImodels/codes/experiments/Mark4.7/data/train/water_shower_train_092.wav,water_shower
/content/drive/MyDrive/AImodels/codes/experiments/Mark4.7/data/train/water_shower_train_093.wav,water_shower
/content/drive/MyDrive/AImodels/codes/experiments/Mark4.7/data/train/water_shower_train_094.wav,water_shower
/content/drive/MyDrive/AImodels/codes/experiments/Mark4.7/data/train/water_shower_train_095.wav,water_shower
/content/drive/MyDrive/AImodels/codes/experiments/Mark4.7/data/train/water_shower_train_096.wav,water_shower
/content/drive/MyDrive/AImodels/codes/experiments/Mark4.7/data/train/water_shower_train_097.wav,water_shower
/content/drive/MyDrive/AImodels/codes/experiments/Mark4.7/data/train/water_shower_train_098.wav,water_shower
/content/drive/MyDrive/AImodels/codes/experiments/Mark4.7/data/train/water_shower_train_099.wav,water_shower
/content/drive/MyDrive/AImodels/codes/experiments/Mark4.7/data/train/water_shower_train_100.wav,water_shower
/content/drive/MyDrive/AImodels/codes/experiments/Mark4.7/data/train/water_shower_train_101.wav,water_shower
/content/drive/MyDrive/AImodels/codes/experiments/Mark4.7/data/train/water_shower_train_102.wav,water_shower
/content/drive/MyDrive/AImodels/codes/experiments/Mark4.7/data/train/water_shower_train_103.wav,water_shower
/content/drive/MyDrive/AImodels/codes/experiments/Mark4.7/data/train/water_shower_train_104.wav,water_shower
/content/drive/MyDrive/AImodels/codes/experiments/Mark4.7/data/train/water_shower_train_105.wav,water_shower
/content/drive/MyDrive/AImodels/codes/experiments/Mark4.7/data/train/water_shower_train_106.wav,water_shower
/content/drive/MyDrive/AImodels/codes/experiments/Mark4.7/data/train/water_shower_train_107.wav,water_shower
/content/drive/MyDrive/AImodels/codes/experiments/Mark4.7/data/train/water_shower_train_108.wav,water_shower
/content/drive/MyDrive/AImodels/codes/experiments/Mark4.7/data/train/water_shower_train_109.wav,water_shower
/content/drive/MyDrive/AImodels/codes/experiments/Mark4.7/data/train/water_shower_train_110.wav,water_shower
/content/drive/MyDrive/AImodels/codes/experiments/Mark4.7/data/train/water_shower_train_111.wav,water_shower
/content/drive/MyDrive/AImodels/codes/experiments/Mark4.7/data/train/water_shower_train_112.wav,water_shower
/content/drive/MyDrive/AImodels/codes/experiments/Mark4.7/data/train/water_shower_train_113.wav,water_shower
/content/drive/MyDrive/AImodels/codes/experiments/Mark4.7/data/train/water_shower_train_114.wav,water_shower
/content/drive/MyDrive/AImodels/codes/experiments/Mark4.7/data/train/water_shower_train_115.wav,water_shower
/content/drive/MyDrive/AImodels/codes/experiments/Mark4.7/data/train/water_shower_train_116.wav,water_shower
/content/drive/MyDrive/AImodels/codes/experiments/Mark4.7/data/train/water_shower_train_117.wav,water_shower
/content/drive/MyDrive/AImodels/codes/experiments/Mark4.7/data/train/water_shower_train_118.wav,water_shower
/content/drive/MyDrive/AImodels/codes/experiments/Mark4.7/data/train/water_shower_train_119.wav,water_shower
/content/drive/MyDrive/AImodels/codes/experiments/Mark4.7/data/train/water_shower_train_120.wav,water_shower
/content/drive/MyDrive/AImodels/codes/experiments/Mark4.7/data/train/water_shower_train_121.wav,water_shower
/content/drive/MyDrive/AImodels/codes/experiments/Mark4.7/data/train/water_shower_train_122.wav,water_shower
/content/drive/MyDrive/AImodels/codes/experiments/Mark4.7/data/train/water_shower_train_123.wav,water_shower
/content/drive/MyDrive/AImodels/codes/experiments/Mark4.7/data/train/water_shower_train_124.wav,water_shower
/content/drive/MyDrive/AImodels/codes/experiments/Mark4.7/data/train/water_shower_train_125.wav,water_shower
/content/drive/MyDrive/AImodels/codes/experiments/Mark4.7/data/train/water_shower_train_126.wav,water_shower
/content/drive/MyDrive/AImodels/codes/experiments/Mark4.7/data/train/water_shower_train_127.wav,water_shower
/content/drive/MyDrive/AImodels/codes/experiments/Mark4.7/data/train/water_shower_train_128.wav,water_shower
/content/drive/MyDrive/AImodels/codes/experiments/Mark4.7/data/train/water_shower_train_129.wav,water_shower
/content/drive/MyDrive/AImodels/codes/experiments/Mark4.7/data/train/water_shower_train_130.wav,water_shower
/content/drive/MyDrive/AImodels/codes/experiments/Mark4.7/data/train/water_shower_train_131.wav,water_shower
/content/drive/MyDrive/AImodels/codes/experiments/Mark4.7/data/train/water_shower_train_132.wav,water_shower
/content/drive/MyDrive/AImodels/codes/experiments/Mark4.7/data/train/water_shower_train_133.wav,water_shower
/content/drive/MyDrive/AImodels/codes/experiments/Mark4.7/data/train/water_shower_train_134.wav,water_shower
/content/drive/MyDrive/AImodels/codes/experiments/Mark4.7/data/train/water_shower_train_135.wav,water_shower
/content/drive/MyDrive/AImodels/codes/experiments/Mark4.7/data/train/water_shower_train_136.wav,water_shower
/content/drive/MyDrive/AImodels/codes/experiments/Mark4.7/data/train/water_shower_train_137.wav,water_shower
/content/drive/MyDrive/AImodels/codes/experiments/Mark4.7/data/train/water_shower_train_138.wav,water_shower
/content/drive/MyDrive/AImodels/codes/experiments/Mark4.7/data/train/water_shower_train_139.wav,water_shower
/content/drive/MyDrive/AImodels/codes/experiments/Mark4.7/data/train/water_shower_train_140.wav,water_shower
/content/drive/MyDrive/AImodels/codes/experiments/Mark4.7/data/train/water_shower_train_141.wav,water_shower
/content/drive/MyDrive/AImodels/codes/experiments/Mark4.7/data/train/water_shower_train_142.wav,water_shower
/content/drive/MyDrive/AImodels/codes/experiments/Mark4.7/data/train/water_shower_train_143.wav,water_shower
/content/drive/MyDrive/AImodels/codes/experiments/Mark4.7/data/train/water_shower_train_144.wav,water_shower
/content/drive/MyDrive/AImodels/codes/experiments/Mark4.7/data/train/water_shower_train_145.wav,water_shower
/content/drive/MyDrive/AImodels/codes/experiments/Mark4.7/data/train/water_shower_train_146.wav,water_shower
/content/drive/MyDrive/AImodels/codes/experiments/Mark4.7/data/train/water_shower_train_147.wav,water_shower
/content/drive/MyDrive/AImodels/codes/experiments/Mark4.7/data/train/water_shower_train_148.wav,water_shower
/content/drive/MyDrive/AImodels/codes/experiments/Mark4.7/data/train/water_shower_train_149.wav,water_shower
/content/drive/MyDrive/AImodels/codes/experiments/Mark4.7/data/train/water_shower_train_150.wav,water_shower
/content/drive/MyDrive/AImodels/codes/experiments/Mark4.7/data/train/water_shower_train_151.wav,water_shower
/content/drive/MyDrive/AImodels/codes/experiments/Mark4.7/data/train/water_shower_train_152.wav,water_shower
/content/drive/MyDrive/AImodels/codes/experiments/Mark4.7/data/train/water_shower_train_153.wav,water_shower
/content/drive/MyDrive/AImodels/codes/experiments/Mark4.7/data/train/water_shower_train_154.wav,water_shower
/content/drive/MyDrive/AImodels/codes/experiments/Mark4.7/data/train/water_shower_train_155.wav,water_shower
/content/drive/MyDrive/AImodels/codes/experiments/Mark4.7/data/train/water_shower_train_156.wav,water_shower
/content/drive/MyDrive/AImodels/codes/experiments/Mark4.7/data/train/water_shower_train_157.wav,water_shower
/content/drive/MyDrive/AImodels/codes/experiments/Mark4.7/data/train/water_shower_train_158.wav,water_shower
/content/drive/MyDrive/AImodels/codes/experiments/Mark4.7/data/train/water_shower_train_159.wav,water_shower
/content/drive/MyDrive/AImodels/codes/experiments/Mark4.7/data/train/water_shower_train_160.wav,water_shower
/content/drive/MyDrive/AImodels/codes/experiments/Mark4.7/data/train/water_shower_train_161.wav,water_shower
/content/drive/MyDrive/AImodels/codes/experiments/Mark4.7/data/train/water_shower_train_162.wav,water_shower
/content/drive/MyDrive/AImodels/codes/experiments/Mark4.7/data/train/water_shower_train_163.wav,water_shower
/content/drive/MyDrive/AImodels/codes/experiments/Mark4.7/data/train/water_shower_train_164.wav,water_shower
/content/drive/MyDrive/AImodels/codes/experiments/Mark4.7/data/train/water_shower_train_165.wav,water_shower
/content/drive/MyDrive/AImodels/codes/experiments/Mark4.7/data/train/water_shower_train_166.wav,water_shower
/content/drive/MyDrive/AImodels/codes/experiments/Mark4.7/data/train/water_shower_train_167.wav,water_shower
/content/drive/MyDrive/AImodels/codes/experiments/Mark4.7/data/train/water_shower_train_168.wav,water_shower
/content/drive/MyDrive/AImodels/codes/experiments/Mark4.7/data/train/water_shower_train_169.wav,water_shower
/content/drive/MyDrive/AImodels/codes/experiments/Mark4.7/data/train/water_shower_train_170.wav,water_shower
/content/drive/MyDrive/AImodels/codes/experiments/Mark4.7/data/train/water_shower_train_171.wav,water_shower
/content/drive/MyDrive/AImodels/codes/experiments/Mark4.7/data/train/water_shower_train_172.wav,water_shower
/content/drive/MyDrive/AImodels/codes/experiments/Mark4.7/data/train/water_shower_train_173.wav,water_shower
/content/drive/MyDrive/AImodels/codes/experiments/Mark4.7/data/train/water_shower_train_174.wav,water_shower
/content/drive/MyDrive/AImodels/codes/experiments/Mark4.7/data/train/water_shower_train_175.wav,water_shower
/content/drive/MyDrive/AImodels/codes/experiments/Mark4.7/data/train/water_shower_train_176.wav,water_shower
/content/drive/MyDrive/AImodels/codes/experiments/Mark4.7/data/train/water_shower_train_177.wav,water_shower
/content/drive/MyDrive/AImodels/codes/experiments/Mark4.7/data/train/water_shower_train_178.wav,water_shower
/content/drive/MyDrive/AImodels/codes/experiments/Mark4.7/data/train/water_shower_train_179.wav,water_shower
/content/drive/MyDrive/AImodels/codes/experiments/Mark4.7/data/train/water_shower_train_180.wav,water_shower
/content/drive/MyDrive/AImodels/codes/experiments/Mark4.7/data/train/water_shower_train_181.wav,water_shower
/content/drive/MyDrive/AImodels/codes/experiments/Mark4.7/data/train/water_shower_train_182.wav,water_shower
/content/drive/MyDrive/AImodels/codes/experiments/Mark4.7/data/train/water_shower_train_183.wav,water_shower
/content/drive/MyDrive/AImodels/codes/experiments/Mark4.7/data/train/water_shower_train_184.wav,water_shower
/content/drive/MyDrive/AImodels/codes/experiments/Mark4.7/data/train/water_shower_train_185.wav,water_shower
/content/drive/MyDrive/AImodels/codes/experiments/Mark4.7/data/train/water_shower_train_186.wav,water_shower
/content/drive/MyDrive/AImodels/codes/experiments/Mark4.7/data/train/water_shower_train_187.wav,water_shower
/content/drive/MyDrive/AImodels/codes/experiments/Mark4.7/data/train/water_shower_train_188.wav,water_shower
/content/drive/MyDrive/AImodels/codes/experiments/Mark4.7/data/train/water_shower_train_189.wav,water_shower
/content/drive/MyDrive/AImodels/codes/experiments/Mark4.7/data/train/water_shower_train_190.wav,water_shower
/content/drive/MyDrive/AImodels/codes/experiments/Mark4.7/data/train/water_shower_train_191.wav,water_shower
/content/drive/MyDrive/AImodels/codes/experiments/Mark4.7/data/train/water_shower_train_192.wav,water_shower
/content/drive/MyDrive/AImodels/codes/experiments/Mark4.7/data/train/water_shower_train_193.wav,water_shower
/content/drive/MyDrive/AImodels/codes/experiments/Mark4.7/data/train/water_shower_train_194.wav,water_shower
/content/drive/MyDrive/AImodels/codes/experiments/Mark4.7/data/train/water_shower_train_195.wav,water_shower
/content/drive/MyDrive/AImodels/codes/experiments/Mark4.7/data/train/water_shower_train_196.wav,water_shower
/content/drive/MyDrive/AImodels/codes/experiments/Mark4.7/data/train/water_shower_train_197.wav,water_shower
/content/drive/MyDrive/AImodels/codes/experiments/Mark4.7/data/train/water_shower_train_198.wav,water_shower
/content/drive/MyDrive/AImodels/codes/experiments/Mark4.7/data/train/water_shower_train_199.wav,water_shower
/content/drive/MyDrive/AImodels/codes/experiments/Mark4.7/data/train/water_shower_train_200.wav,water_shower
/content/drive/MyDrive/AImodels/codes/experiments/Mark4.7/data/train/water_shower_train_201.wav,water_shower
/content/drive/MyDrive/AImodels/codes/experiments/Mark4.7/data/train/water_shower_train_202.wav,water_shower
/content/drive/MyDrive/AImodels/codes/experiments/Mark4.7/data/train/water_shower_train_203.wav,water_shower
/content/drive/MyDrive/AImodels/codes/experiments/Mark4.7/data/train/water_shower_train_204.wav,water_shower
/content/drive/MyDrive/AImodels/codes/experiments/Mark4.7/data/train/water_shower_train_205.wav,water_shower
/content/drive/MyDrive/AImodels/codes/experiments/Mark4.7/data/train/water_shower_train_206.wav,water_shower
/content/drive/MyDrive/AImodels/codes/experiments/Mark4.7/data/train/water_shower_train_207.wav,water_shower
/content/drive/MyDrive/AImodels/codes/experiments/Mark4.7/data/train/water_shower_train_208.wav,water_shower
/content/drive/MyDrive/AImodels/codes/experiments/Mark4.7/data/train/water_shower_train_209.wav,water_shower
/content/drive/MyDrive/AImodels/codes/experiments/Mark4.7/data/train/water_shower_train_210.wav,water_shower
/content/drive/MyDrive/AImodels/codes/experiments/Mark4.7/data/train/water_shower_train_211.wav,water_shower
/content/drive/MyDrive/AImodels/codes/experiments/Mark4.7/data/train/water_shower_train_212.wav,water_shower
/content/drive/MyDrive/AImodels/codes/experiments/Mark4.7/data/train/water_shower_train_213.wav,water_shower
/content/drive/MyDrive/AImodels/codes/experiments/Mark4.7/data/train/water_shower_train_214.wav,water_shower
/content/drive/MyDrive/AImodels/codes/experiments/Mark4.7/data/train/water_shower_train_215.wav,water_shower
/content/drive/MyDrive/AImodels/codes/experiments/Mark4.7/data/train/water_shower_train_216.wav,water_shower
/content/drive/MyDrive/AImodels/codes/experiments/Mark4.7/data/train/water_shower_train_217.wav,water_shower
/content/drive/MyDrive/AImodels/codes/experiments/Mark4.7/data/train/water_shower_train_218.wav,water_shower
/content/drive/MyDrive/AImodels/codes/experiments/Mark4.7/data/train/water_shower_train_219.wav,water_shower
/content/drive/MyDrive/AImodels/codes/experiments/Mark4.7/data/train/water_shower_train_220.wav,water_shower
/content/drive/MyDrive/AImodels/codes/experiments/Mark4.7/data/train/water_shower_train_221.wav,water_shower
/content/drive/MyDrive/AImodels/codes/experiments/Mark4.7/data/train/water_shower_train_222.wav,water_shower
/content/drive/MyDrive/AImodels/codes/experiments/Mark4.7/data/train/water_shower_train_223.wav,water_shower
/content/drive/MyDrive/AImodels/codes/experiments/Mark4.7/data/train/water_shower_train_224.wav,water_shower
/content/drive/MyDrive/AImodels/codes/experiments/Mark4.7/data/train/water_shower_train_225.wav,water_shower
/content/drive/MyDrive/AImodels/codes/experiments/Mark4.7/data/train/water_shower_train_226.wav,water_shower
/content/drive/MyDrive/AImodels/codes/experiments/Mark4.7/data/train/water_shower_train_227.wav,water_shower
/content/drive/MyDrive/AImodels/codes/experiments/Mark4.7/data/train/water_shower_train_228.wav,water_shower
/content/drive/MyDrive/AImodels/codes/experiments/Mark4.7/data/train/water_shower_train_229.wav,water_shower
/content/drive/MyDrive/AImodels/codes/experiments/Mark4.7/data/train/water_shower_train_230.wav,water_shower
/content/drive/MyDrive/AImodels/codes/experiments/Mark4.7/data/train/water_shower_train_231.wav,water_shower
/content/drive/MyDrive/AImodels/codes/experiments/Mark4.7/data/train/water_shower_train_232.wav,water_shower
/content/drive/MyDrive/AImodels/codes/experiments/Mark4.7/data/train/water_shower_train_233.wav,water_shower
/content/drive/MyDrive/AImodels/codes/experiments/Mark4.7/data/train/water_shower_train_234.wav,water_shower
/content/drive/MyDrive/AImodels/codes/experiments/Mark4.7/data/train/water_shower_train_235.wav,water_shower
/content/drive/MyDrive/AImodels/codes/experiments/Mark4.7/data/train/water_shower_train_236.wav,water_shower
/content/drive/MyDrive/AImodels/codes/experiments/Mark4.7/data/train/water_shower_train_237.wav,water_shower
/content/drive/MyDrive/AImodels/codes/experiments/Mark4.7/data/train/water_shower_train_238.wav,water_shower
/content/drive/MyDrive/AImodels/codes/experiments/Mark4.7/data/train/water_shower_train_239.wav,water_shower
/content/drive/MyDrive/AImodels/codes/experiments/Mark4.7/data/train/water_shower_train_240.wav,water_shower
/content/drive/MyDrive/AImodels/codes/experiments/Mark4.7/data/train/water_shower_train_241.wav,water_shower
/content/drive/MyDrive/AImodels/codes/experiments/Mark4.7/data/train/water_shower_train_242.wav,water_shower
/content/drive/MyDrive/AImodels/codes/experiments/Mark4.7/data/train/water_shower_train_243.wav,water_shower
/content/drive/MyDrive/AImodels/codes/experiments/Mark4.7/data/train/water_shower_train_244.wav,water_shower
/content/drive/MyDrive/AImodels/codes/experiments/Mark4.7/data/train/water_shower_train_245.wav,water_shower
/content/drive/MyDrive/AImodels/codes/experiments/Mark4.7/data/train/water_shower_train_246.wav,water_shower
/content/drive/MyDrive/AImodels/codes/experiments/Mark4.7/data/train/water_shower_train_247.wav,water_shower
/content/drive/MyDrive/AImodels/codes/experiments/Mark4.7/data/train/water_shower_train_248.wav,water_shower
/content/drive/MyDrive/AImodels/codes/experiments/Mark4.7/data/train/water_shower_train_249.wav,water_shower
/content/drive/MyDrive/AImodels/codes/experiments/Mark4.7/data/train/water_shower_train_250.wav,water_shower
/content/drive/MyDrive/AImodels/codes/experiments/Mark4.7/data/train/water_shower_train_251.wav,water_shower
/content/drive/MyDrive/AImodels/codes/experiments/Mark4.7/data/train/water_shower_train_252.wav,water_shower
/content/drive/MyDrive/AImodels/codes/experiments/Mark4.7/data/train/water_shower_train_253.wav,water_shower
/content/drive/MyDrive/AImodels/codes/experiments/Mark4.7/data/train/water_shower_train_254.wav,water_shower
/content/drive/MyDrive/AImodels/codes/experiments/Mark4.7/data/train/water_shower_train_255.wav,water_shower
/content/drive/MyDrive/AImodels/codes/experiments/Mark4.7/data/train/water_shower_train_256.wav,water_shower
/content/drive/MyDrive/AImodels/codes/experiments/Mark4.7/data/train/water_shower_train_257.wav,water_shower
/content/drive/MyDrive/AImodels/codes/experiments/Mark4.7/data/train/water_shower_train_258.wav,water_shower
/content/drive/MyDrive/AImodels/codes/experiments/Mark4.7/data/train/water_shower_train_259.wav,water_shower
/content/drive/MyDrive/AImodels/codes/experiments/Mark4.7/data/train/water_shower_train_260.wav,water_shower
/content/drive/MyDrive/AImodels/codes/experiments/Mark4.7/data/train/water_shower_train_261.wav,water_shower
/content/drive/MyDrive/AImodels/codes/experiments/Mark4.7/data/train/water_shower_train_262.wav,water_shower
/content/drive/MyDrive/AImodels/codes/experiments/Mark4.7/data/train/water_shower_train_263.wav,water_shower
/content/drive/MyDrive/AImodels/codes/experiments/Mark4.7/data/train/water_shower_train_264.wav,water_shower
/content/drive/MyDrive/AImodels/codes/experiments/Mark4.7/data/train/water_shower_train_265.wav,water_shower
/content/drive/MyDrive/AImodels/codes/experiments/Mark4.7/data/train/water_shower_train_266.wav,water_shower
/content/drive/MyDrive/AImodels/codes/experiments/Mark4.7/data/train/water_shower_train_267.wav,water_shower
/content/drive/MyDrive/AImodels/codes/experiments/Mark4.7/data/train/water_shower_train_268.wav,water_shower
/content/drive/MyDrive/AImodels/codes/experiments/Mark4.7/data/train/water_shower_train_269.wav,water_shower
/content/drive/MyDrive/AImodels/codes/experiments/Mark4.7/data/train/water_shower_train_270.wav,water_shower
/content/drive/MyDrive/AImodels/codes/experiments/Mark4.7/data/train/water_shower_train_271.wav,water_shower
/content/drive/MyDrive/AImodels/codes/experiments/Mark4.7/data/train/water_shower_train_272.wav,water_shower
/content/drive/MyDrive/AImodels/codes/experiments/Mark4.7/data/train/water_shower_train_273.wav,water_shower
/content/drive/MyDrive/AImodels/codes/experiments/Mark4.7/data/train/water_shower_train_274.wav,water_shower
/content/drive/MyDrive/AImodels/codes/experiments/Mark4.7/data/train/water_shower_train_275.wav,water_shower
/content/drive/MyDrive/AImodels/codes/experiments/Mark4.7/data/train/water_shower_train_276.wav,water_shower
/content/drive/MyDrive/AImodels/codes/experiments/Mark4.7/data/train/water_shower_train_277.wav,water_shower
/content/drive/MyDrive/AImodels/codes/experiments/Mark4.7/data/train/water_shower_train_278.wav,water_shower
/content/drive/MyDrive/AImodels/codes/experiments/Mark4.7/data/train/water_shower_train_279.wav,water_shower
/content/drive/MyDrive/AImodels/codes/experiments/Mark4.7/data/train/water_shower_train_280.wav,water_shower
/content/drive/MyDrive/AImodels/codes/experiments/Mark4.7/data/train/water_shower_train_281.wav,water_shower
/content/drive/MyDrive/AImodels/codes/experiments/Mark4.7/data/train/water_shower_train_282.wav,water_shower
/content/drive/MyDrive/AImodels/codes/experiments/Mark4.7/data/train/water_shower_train_283.wav,water_shower
/content/drive/MyDrive/AImodels/codes/experiments/Mark4.7/data/train/water_shower_train_284.wav,water_shower
/content/drive/MyDrive/AImodels/codes/experiments/Mark4.7/data/train/water_shower_train_285.wav,water_shower
/content/drive/MyDrive/AImodels/codes/experiments/Mark4.7/data/train/water_shower_train_286.wav,water_shower
/content/drive/MyDrive/AImodels/codes/experiments/Mark4.7/data/train/water_shower_train_287.wav,water_shower
/content/drive/MyDrive/AImodels/codes/experiments/Mark4.7/data/train/water_shower_train_288.wav,water_shower
/content/drive/MyDrive/AImodels/codes/experiments/Mark4.7/data/train/water_shower_train_289.wav,water_shower
/content/drive/MyDrive/AImodels/codes/experiments/Mark4.7/data/train/water_shower_train_290.wav,water_shower
/content/drive/MyDrive/AImodels/codes/experiments/Mark4.7/data/train/water_shower_train_291.wav,water_shower
/content/drive/MyDrive/AImodels/codes/experiments/Mark4.7/data/train/water_shower_train_292.wav,water_shower
/content/drive/MyDrive/AImodels/codes/experiments/Mark4.7/data/train/water_shower_train_293.wav,water_shower
/content/drive/MyDrive/AImodels/codes/experiments/Mark4.7/data/train/water_shower_train_294.wav,water_shower
/content/drive/MyDrive/AImodels/codes/experiments/Mark4.7/data/train/water_shower_train_295.wav,water_shower
/content/drive/MyDrive/AImodels/codes/experiments/Mark4.7/data/train/water_shower_train_296.wav,water_shower
/content/drive/MyDrive/AImodels/codes/experiments/Mark4.7/data/train/water_shower_train_297.wav,water_shower
/content/drive/MyDrive/AImodels/codes/experiments/Mark4.7/data/train/water_shower_train_298.wav,water_shower
/content/drive/MyDrive/AImodels/codes/experiments/Mark4.7/data/train/water_shower_train_299.wav,water_shower
/content/drive/MyDrive/AImodels/codes/experiments/Mark4.7/data/train/water_shower_train_300.wav,water_shower
/content/drive/MyDrive/AImodels/codes/experiments/Mark4.7/data/train/water_shower_train_301.wav,water_shower
/content/drive/MyDrive/AImodels/codes/experiments/Mark4.7/data/train/water_shower_train_302.wav,water_shower
/content/drive/MyDrive/AImodels/codes/experiments/Mark4.7/data/train/water_shower_train_303.wav,water_shower
/content/drive/MyDrive/AImodels/codes/experiments/Mark4.7/data/train/water_shower_train_304.wav,water_shower
/content/drive/MyDrive/AImodels/codes/experiments/Mark4.7/data/train/water_shower_train_305.wav,water_shower
/content/drive/MyDrive/AImodels/codes/experiments/Mark4.7/data/train/water_shower_train_306.wav,water_shower
/content/drive/MyDrive/AImodels/codes/experiments/Mark4.7/data/train/water_shower_train_307.wav,water_shower
/content/drive/MyDrive/AImodels/codes/experiments/Mark4.7/data/train/water_shower_train_308.wav,water_shower
/content/drive/MyDrive/AImodels/codes/experiments/Mark4.7/data/train/water_shower_train_309.wav,water_shower
/content/drive/MyDrive/AImodels/codes/experiments/Mark4.7/data/train/water_shower_train_310.wav,water_shower
/content/drive/MyDrive/AImodels/codes/experiments/Mark4.7/data/train/water_shower_train_311.wav,water_shower
/content/drive/MyDrive/AImodels/codes/experiments/Mark4.7/data/train/water_shower_train_312.wav,water_shower
/content/drive/MyDrive/AImodels/codes/experiments/Mark4.7/data/train/water_shower_train_313.wav,water_shower
/content/drive/MyDrive/AImodels/codes/experiments/Mark4.7/data/train/water_shower_train_314.wav,water_shower
/content/drive/MyDrive/AImodels/codes/experiments/Mark4.7/data/train/water_shower_train_315.wav,water_shower
/content/drive/MyDrive/AImodels/codes/experiments/Mark4.7/data/train/water_shower_train_316.wav,water_shower
/content/drive/MyDrive/AImodels/codes/experiments/Mark4.7/data/train/water_shower_train_317.wav,water_shower
/content/drive/MyDrive/AImodels/codes/experiments/Mark4.7/data/train/water_shower_train_318.wav,water_shower
/content/drive/MyDrive/AImodels/codes/experiments/Mark4.7/data/train/water_shower_train_319.wav,water_shower
/content/drive/MyDrive/AImodels/codes/experiments/Mark4.7/data/train/water_shower_train_320.wav,water_shower
/content/drive/MyDrive/AImodels/codes/experiments/Mark4.7/data/train/water_shower_train_321.wav,water_shower
/content/drive/MyDrive/AImodels/codes/experiments/Mark4.7/data/train/water_shower_train_322.wav,water_shower
/content/drive/MyDrive/AImodels/codes/experiments/Mark4.7/data/train/water_shower_train_323.wav,water_shower
/content/drive/MyDrive/AImodels/codes/experiments/Mark4.7/data/train/water_shower_train_324.wav,water_shower
/content/drive/MyDrive/AImodels/codes/experiments/Mark4.7/data/train/water_shower_train_325.wav,water_shower
/content/drive/MyDrive/AImodels/codes/experiments/Mark4.7/data/train/water_shower_train_326.wav,water_shower
/content/drive/MyDrive/AImodels/codes/experiments/Mark4.7/data/train/water_shower_train_327.wav,water_shower
/content/drive/MyDrive/AImodels/codes/experiments/Mark4.7/data/train/water_shower_train_328.wav,water_shower
/content/drive/MyDrive/AImodels/codes/experiments/Mark4.7/data/train/water_shower_train_329.wav,water_shower
/content/drive/MyDrive/AImodels/codes/experiments/Mark4.7/data/train/water_shower_train_330.wav,water_shower
/content/drive/MyDrive/AImodels/codes/experiments/Mark4.7/data/train/water_shower_train_331.wav,water_shower
/content/drive/MyDrive/AImodels/codes/experiments/Mark4.7/data/train/water_shower_train_332.wav,water_shower
/content/drive/MyDrive/AImodels/codes/experiments/Mark4.7/data/train/water_shower_train_333.wav,water_shower
/content/drive/MyDrive/AImodels/codes/experiments/Mark4.7/data/train/water_shower_train_334.wav,water_shower
/content/drive/MyDrive/AImodels/codes/experiments/Mark4.7/data/train/water_shower_train_335.wav,water_shower
/content/drive/MyDrive/AImodels/codes/experiments/Mark4.7/data/train/water_shower_train_336.wav,water_shower
/content/drive/MyDrive/AImodels/codes/experiments/Mark4.7/data/train/water_shower_train_337.wav,water_shower
/content/drive/MyDrive/AImodels/codes/experiments/Mark4.7/data/train/water_shower_train_338.wav,water_shower
/content/drive/MyDrive/AImodels/codes/experiments/Mark4.7/data/train/water_shower_train_339.wav,water_shower
/content/drive/MyDrive/AImodels/codes/experiments/Mark4.7/data/train/water_shower_train_340.wav,water_shower
/content/drive/MyDrive/AImodels/codes/experiments/Mark4.7/data/train/water_shower_train_341.wav,water_shower
/content/drive/MyDrive/AImodels/codes/experiments/Mark4.7/data/train/water_shower_train_342.wav,water_shower
/content/drive/MyDrive/AImodels/codes/experiments/Mark4.7/data/train/water_shower_train_343.wav,water_shower
/content/drive/MyDrive/AImodels/codes/experiments/Mark4.7/data/train/water_shower_train_344.wav,water_shower
/content/drive/MyDrive/AImodels/codes/experiments/Mark4.7/data/train/water_shower_train_345.wav,water_shower
/content/drive/MyDrive/AImodels/codes/experiments/Mark4.7/data/train/water_shower_train_346.wav,water_shower
/content/drive/MyDrive/AImodels/codes/experiments/Mark4.7/data/train/water_shower_train_347.wav,water_shower
/content/drive/MyDrive/AImodels/codes/experiments/Mark4.7/data/train/water_shower_train_348.wav,water_shower
/content/drive/MyDrive/AImodels/codes/experiments/Mark4.7/data/train/water_shower_train_349.wav,water_shower
/content/drive/MyDrive/AImodels/codes/experiments/Mark4.7/data/train/water_shower_train_350.wav,water_shower
/content/drive/MyDrive/AImodels/codes/experiments/Mark4.7/data/train/water_shower_train_351.wav,water_shower
/content/drive/MyDrive/AImodels/codes/experiments/Mark4.7/data/train/water_shower_train_352.wav,water_shower
/content/drive/MyDrive/AImodels/codes/experiments/Mark4.7/data/train/water_shower_train_353.wav,water_shower
/content/drive/MyDrive/AImodels/codes/experiments/Mark4.7/data/train/water_shower_train_354.wav,water_shower
/content/drive/MyDrive/AImodels/codes/experiments/Mark4.7/data/train/water_shower_train_355.wav,water_shower
/content/drive/MyDrive/AImodels/codes/experiments/Mark4.7/data/train/water_shower_train_356.wav,water_shower
/content/drive/MyDrive/AImodels/codes/experiments/Mark4.7/data/train/water_shower_train_357.wav,water_shower
/content/drive/MyDrive/AImodels/codes/experiments/Mark4.7/data/train/water_shower_train_358.wav,water_shower
/content/drive/MyDrive/AImodels/codes/experiments/Mark4.7/data/train/water_shower_train_359.wav,water_shower
/content/drive/MyDrive/AImodels/codes/experiments/Mark4.7/data/train/water_shower_train_360.wav,water_shower
/content/drive/MyDrive/AImodels/codes/experiments/Mark4.7/data/train/water_shower_train_361.wav,water_shower
/content/drive/MyDrive/AImodels/codes/experiments/Mark4.7/data/train/water_shower_train_362.wav,water_shower
/content/drive/MyDrive/AImodels/codes/experiments/Mark4.7/data/train/water_shower_train_363.wav,water_shower
/content/drive/MyDrive/AImodels/codes/experiments/Mark4.7/data/train/water_shower_train_364.wav,water_shower
/content/drive/MyDrive/AImodels/codes/experiments/Mark4.7/data/train/water_shower_train_365.wav,water_shower
/content/drive/MyDrive/AImodels/codes/experiments/Mark4.7/data/train/water_shower_train_366.wav,water_shower
/content/drive/MyDrive/AImodels/codes/experiments/Mark4.7/data/train/water_shower_train_367.wav,water_shower
/content/drive/MyDrive/AImodels/codes/experiments/Mark4.7/data/train/water_shower_train_368.wav,water_shower
/content/drive/MyDrive/AImodels/codes/experiments/Mark4.7/data/train/water_shower_train_369.wav,water_shower
/content/drive/MyDrive/AImodels/codes/experiments/Mark4.7/data/train/water_shower_train_370.wav,water_shower
/content/drive/MyDrive/AImodels/codes/experiments/Mark4.7/data/train/water_shower_train_371.wav,water_shower
/content/drive/MyDrive/AImodels/codes/experiments/Mark4.7/data/train/water_shower_train_372.wav,water_shower
/content/drive/MyDrive/AImodels/codes/experiments/Mark4.7/data/train/water_shower_train_373.wav,water_shower
/content/drive/MyDrive/AImodels/codes/experiments/Mark4.7/data/train/water_shower_train_374.wav,water_shower
/content/drive/MyDrive/AImodels/codes/experiments/Mark4.7/data/train/water_shower_train_375.wav,water_shower
/content/drive/MyDrive/AImodels/codes/experiments/Mark4.7/data/train/water_shower_train_376.wav,water_shower
/content/drive/MyDrive/AImodels/codes/experiments/Mark4.7/data/train/water_shower_train_377.wav,water_shower
/content/drive/MyDrive/AImodels/codes/experiments/Mark4.7/data/train/water_shower_train_378.wav,water_shower
/content/drive/MyDrive/AImodels/codes/experiments/Mark4.7/data/train/water_shower_train_379.wav,water_shower
/content/drive/MyDrive/AImodels/codes/experiments/Mark4.7/data/train/water_shower_train_380.wav,water_shower
/content/drive/MyDrive/AImodels/codes/experiments/Mark4.7/data/train/water_shower_train_381.wav,water_shower
/content/drive/MyDrive/AImodels/codes/experiments/Mark4.7/data/train/water_shower_train_382.wav,water_shower
/content/drive/MyDrive/AImodels/codes/experiments/Mark4.7/data/train/water_shower_train_383.wav,water_shower
/content/drive/MyDrive/AImodels/codes/experiments/Mark4.7/data/train/water_shower_train_384.wav,water_shower
/content/drive/MyDrive/AImodels/codes/experiments/Mark4.7/data/train/water_shower_train_385.wav,water_shower
/content/drive/MyDrive/AImodels/codes/experiments/Mark4.7/data/train/water_shower_train_386.wav,water_shower
/content/drive/MyDrive/AImodels/codes/experiments/Mark4.7/data/train/water_shower_train_387.wav,water_shower
/content/drive/MyDrive/AImodels/codes/experiments/Mark4.7/data/train/water_shower_train_388.wav,water_shower
/content/drive/MyDrive/AImodels/codes/experiments/Mark4.7/data/train/water_shower_train_389.wav,water_shower
/content/drive/MyDrive/AImodels/codes/experiments/Mark4.7/data/train/water_shower_train_390.wav,water_shower
/content/drive/MyDrive/AImodels/codes/experiments/Mark4.7/data/train/water_shower_train_391.wav,water_shower
/content/drive/MyDrive/AImodels/codes/experiments/Mark4.7/data/train/water_shower_train_392.wav,water_shower
/content/drive/MyDrive/AImodels/codes/experiments/Mark4.7/data/train/water_shower_train_393.wav,water_shower
/content/drive/MyDrive/AImodels/codes/experiments/Mark4.7/data/train/water_shower_train_394.wav,water_shower
/content/drive/MyDrive/AImodels/codes/experiments/Mark4.7/data/train/water_shower_train_395.wav,water_shower
/content/drive/MyDrive/AImodels/codes/experiments/Mark4.7/data/train/water_shower_train_396.wav,water_shower
/content/drive/MyDrive/AImodels/codes/experiments/Mark4.7/data/train/water_shower_train_397.wav,water_shower
/content/drive/MyDrive/AImodels/codes/experiments/Mark4.7/data/train/water_shower_train_398.wav,water_shower
/content/drive/MyDrive/AImodels/codes/experiments/Mark4.7/data/train/water_shower_train_399.wav,water_shower
/content/drive/MyDrive/AImodels/codes/experiments/Mark4.7/data/train/water_shower_train_400.wav,water_shower
/content/drive/MyDrive/AImodels/codes/experiments/Mark4.7/data/train/water_shower_train_401.wav,water_shower
/content/drive/MyDrive/AImodels/codes/experiments/Mark4.7/data/train/water_shower_train_402.wav,water_shower
/content/drive/MyDrive/AImodels/codes/experiments/Mark4.7/data/train/water_shower_train_403.wav,water_shower
/content/drive/MyDrive/AImodels/codes/experiments/Mark4.7/data/train/water_shower_train_404.wav,water_shower
/content/drive/MyDrive/AImodels/codes/experiments/Mark4.7/data/train/water_shower_train_405.wav,water_shower
/content/drive/MyDrive/AImodels/codes/experiments/Mark4.7/data/train/water_shower_train_406.wav,water_shower
/content/drive/MyDrive/AImodels/codes/experiments/Mark4.7/data/train/water_shower_train_407.wav,water_shower
/content/drive/MyDrive/AImodels/codes/experiments/Mark4.7/data/train/water_shower_train_408.wav,water_shower
/content/drive/MyDrive/AImodels/codes/experiments/Mark4.7/data/train/water_shower_train_409.wav,water_shower
/content/drive/MyDrive/AImodels/codes/experiments/Mark4.7/data/train/water_shower_train_410.wav,water_shower
/content/drive/MyDrive/AImodels/codes/experiments/Mark4.7/data/train/water_shower_train_411.wav,water_shower
/content/drive/MyDrive/AImodels/codes/experiments/Mark4.7/data/train/water_shower_train_412.wav,water_shower
/content/drive/MyDrive/AImodels/codes/experiments/Mark4.7/data/train/water_shower_train_413.wav,water_shower
/content/drive/MyDrive/AImodels/codes/experiments/Mark4.7/data/train/water_shower_train_414.wav,water_shower
/content/drive/MyDrive/AImodels/codes/experiments/Mark4.7/data/train/water_shower_train_415.wav,water_shower
/content/drive/MyDrive/AImodels/codes/experiments/Mark4.7/data/train/water_shower_train_416.wav,water_shower
/content/drive/MyDrive/AImodels/codes/experiments/Mark4.7/data/train/water_shower_train_417.wav,water_shower
/content/drive/MyDrive/AImodels/codes/experiments/Mark4.7/data/train/water_shower_train_418.wav,water_shower
/content/drive/MyDrive/AImodels/codes/experiments/Mark4.7/data/train/water_shower_train_419.wav,water_shower
/content/drive/MyDrive/AImodels/codes/experiments/Mark4.7/data/train/water_shower_train_420.wav,water_shower
/content/drive/MyDrive/AImodels/codes/experiments/Mark4.7/data/train/water_shower_train_421.wav,water_shower
/content/drive/MyDrive/AImodels/codes/experiments/Mark4.7/data/train/water_shower_train_422.wav,water_shower
/content/drive/MyDrive/AImodels/codes/experiments/Mark4.7/data/train/water_shower_train_423.wav,water_shower
/content/drive/MyDrive/AImodels/codes/experiments/Mark4.7/data/train/water_shower_train_424.wav,water_shower
/content/drive/MyDrive/AImodels/codes/experiments/Mark4.7/data/train/water_shower_train_425.wav,water_shower
/content/drive/MyDrive/AImodels/codes/experiments/Mark4.7/data/train/water_shower_train_426.wav,water_shower
/content/drive/MyDrive/AImodels/codes/experiments/Mark4.7/data/train/water_shower_train_427.wav,water_shower
/content/drive/MyDrive/AImodels/codes/experiments/Mark4.7/data/train/water_shower_train_428.wav,water_shower
/content/drive/MyDrive/AImodels/codes/experiments/Mark4.7/data/train/water_shower_train_429.wav,water_shower
/content/drive/MyDrive/AImodels/codes/experiments/Mark4.7/data/train/water_shower_train_430.wav,water_shower
/content/drive/MyDrive/AImodels/codes/experiments/Mark4.7/data/train/water_shower_train_431.wav,water_shower
/content/drive/MyDrive/AImodels/codes/experiments/Mark4.7/data/train/water_shower_train_432.wav,water_shower
/content/drive/MyDrive/AImodels/codes/experiments/Mark4.7/data/train/water_shower_train_433.wav,water_shower
/content/drive/MyDrive/AImodels/codes/experiments/Mark4.7/data/train/water_shower_train_434.wav,water_shower
/content/drive/MyDrive/AImodels/codes/experiments/Mark4.7/data/train/water_shower_train_435.wav,water_shower
/content/drive/MyDrive/AImodels/codes/experiments/Mark4.7/data/train/water_shower_train_436.wav,water_shower
/content/drive/MyDrive/AImodels/codes/experiments/Mark4.7/data/train/water_shower_train_437.wav,water_shower
/content/drive/MyDrive/AImodels/codes/experiments/Mark4.7/data/train/water_shower_train_438.wav,water_shower
/content/drive/MyDrive/AImodels/codes/experiments/Mark4.7/data/train/water_shower_train_439.wav,water_shower
/content/drive/MyDrive/AImodels/codes/experiments/Mark4.7/data/train/water_shower_train_440.wav,water_shower
/content/drive/MyDrive/AImodels/codes/experiments/Mark4.7/data/train/water_shower_train_441.wav,water_shower
/content/drive/MyDrive/AImodels/codes/experiments/Mark4.7/data/train/water_shower_train_442.wav,water_shower
/content/drive/MyDrive/AImodels/codes/experiments/Mark4.7/data/train/water_shower_train_443.wav,water_shower
/content/drive/MyDrive/AImodels/codes/experiments/Mark4.7/data/train/water_shower_train_444.wav,water_shower
/content/drive/MyDrive/AImodels/codes/experiments/Mark4.7/data/train/water_shower_train_445.wav,water_shower
/content/drive/MyDrive/AImodels/codes/experiments/Mark4.7/data/train/water_shower_train_446.wav,water_shower
/content/drive/MyDrive/AImodels/codes/experiments/Mark4.7/data/train/water_shower_train_447.wav,water_shower
/content/drive/MyDrive/AImodels/codes/experiments/Mark4.7/data/train/water_shower_train_448.wav,water_shower
/content/drive/MyDrive/AImodels/codes/experiments/Mark4.7/data/train/water_shower_train_449.wav,water_shower
/content/drive/MyDrive/AImodels/codes/experiments/Mark4.7/data/train/water_shower_train_450.wav,water_shower
/content/drive/MyDrive/AImodels/codes/experiments/Mark4.7/data/train/water_shower_train_451.wav,water_shower
/content/drive/MyDrive/AImodels/codes/experiments/Mark4.7/data/train/water_shower_train_452.wav,water_shower
/content/drive/MyDrive/AImodels/codes/experiments/Mark4.7/data/train/water_shower_train_453.wav,water_shower
/content/drive/MyDrive/AImodels/codes/experiments/Mark4.7/data/train/water_shower_train_454.wav,water_shower
/content/drive/MyDrive/AImodels/codes/experiments/Mark4.7/data/train/water_shower_train_455.wav,water_shower
/content/drive/MyDrive/AImodels/codes/experiments/Mark4.7/data/train/water_shower_train_456.wav,water_shower
/content/drive/MyDrive/AImodels/codes/experiments/Mark4.7/data/train/water_shower_train_457.wav,water_shower
/content/drive/MyDrive/AImodels/codes/experiments/Mark4.7/data/train/water_shower_train_458.wav,water_shower
/content/drive/MyDrive/AImodels/codes/experiments/Mark4.7/data/train/water_shower_train_459.wav,water_shower
/content/drive/MyDrive/AImodels/codes/experiments/Mark4.7/data/train/water_shower_train_460.wav,water_shower
/content/drive/MyDrive/AImodels/codes/experiments/Mark4.7/data/train/water_shower_train_461.wav,water_shower
/content/drive/MyDrive/AImodels/codes/experiments/Mark4.7/data/train/water_shower_train_462.wav,water_shower
/content/drive/MyDrive/AImodels/codes/experiments/Mark4.7/data/train/water_shower_train_463.wav,water_shower
/content/drive/MyDrive/AImodels/codes/experiments/Mark4.7/data/train/water_shower_train_464.wav,water_shower
/content/drive/MyDrive/AImodels/codes/experiments/Mark4.7/data/train/water_shower_train_465.wav,water_shower
/content/drive/MyDrive/AImodels/codes/experiments/Mark4.7/data/train/water_shower_train_466.wav,water_shower
/content/drive/MyDrive/AImodels/codes/experiments/Mark4.7/data/train/water_shower_train_467.wav,water_shower
/content/drive/MyDrive/AImodels/codes/experiments/Mark4.7/data/train/water_shower_train_468.wav,water_shower
/content/drive/MyDrive/AImodels/codes/experiments/Mark4.7/data/train/water_shower_train_469.wav,water_shower
/content/drive/MyDrive/AImodels/codes/experiments/Mark4.7/data/train/water_shower_train_470.wav,water_shower
/content/drive/MyDrive/AImodels/codes/experiments/Mark4.7/data/train/water_shower_train_471.wav,water_shower
/content/drive/MyDrive/AImodels/codes/experiments/Mark4.7/data/train/water_shower_train_472.wav,water_shower
/content/drive/MyDrive/AImodels/codes/experiments/Mark4.7/data/train/water_shower_train_473.wav,water_shower
/content/drive/MyDrive/AImodels/codes/experiments/Mark4.7/data/train/water_shower_train_474.wav,water_shower
/content/drive/MyDrive/AImodels/codes/experiments/Mark4.7/data/train/water_shower_train_475.wav,water_shower
/content/drive/MyDrive/AImodels/codes/experiments/Mark4.7/data/train/water_shower_train_476.wav,water_shower
/content/drive/MyDrive/AImodels/codes/experiments/Mark4.7/data/train/water_shower_train_477.wav,water_shower
/content/drive/MyDrive/AImodels/codes/experiments/Mark4.7/data/train/water_shower_train_478.wav,water_shower
/content/drive/MyDrive/AImodels/codes/experiments/Mark4.7/data/train/water_shower_train_479.wav,water_shower
/content/drive/MyDrive/AImodels/codes/experiments/Mark4.7/data/train/water_shower_train_480.wav,water_shower
/content/drive/MyDrive/AImodels/codes/experiments/Mark4.7/data/train/water_shower_train_481.wav,water_shower
/content/drive/MyDrive/AImodels/codes/experiments/Mark4.7/data/train/water_shower_train_482.wav,water_shower
/content/drive/MyDrive/AImodels/codes/experiments/Mark4.7/data/train/water_shower_train_483.wav,water_shower
/content/drive/MyDrive/AImodels/codes/experiments/Mark4.7/data/train/water_shower_train_484.wav,water_shower
/content/drive/MyDrive/AImodels/codes/experiments/Mark4.7/data/train/water_shower_train_485.wav,water_shower
/content/drive/MyDrive/AImodels/codes/experiments/Mark4.7/data/train/water_shower_train_486.wav,water_shower
/content/drive/MyDrive/AImodels/codes/experiments/Mark4.7/data/train/water_shower_train_487.wav,water_shower
/content/drive/MyDrive/AImodels/codes/experiments/Mark4.7/data/train/water_shower_train_488.wav,water_shower
/content/drive/MyDrive/AImodels/codes/experiments/Mark4.7/data/train/water_shower_train_489.wav,water_shower
/content/drive/MyDrive/AImodels/codes/experiments/Mark4.7/data/train/water_shower_train_490.wav,water_shower
/content/drive/MyDrive/AImodels/codes/experiments/Mark4.7/data/train/water_shower_train_491.wav,water_shower
/content/drive/MyDrive/AImodels/codes/experiments/Mark4.7/data/train/water_shower_train_492.wav,water_shower
/content/drive/MyDrive/AImodels/codes/experiments/Mark4.7/data/train/water_shower_train_493.wav,water_shower
/content/drive/MyDrive/AImodels/codes/experiments/Mark4.7/data/train/water_shower_train_494.wav,water_shower
/content/drive/MyDrive/AImodels/codes/experiments/Mark4.7/data/train/water_shower_train_495.wav,water_shower
/content/drive/MyDrive/AImodels/codes/experiments/Mark4.7/data/train/water_shower_train_496.wav,water_shower
/content/drive/MyDrive/AImodels/codes/experiments/Mark4.7/data/train/water_shower_train_497.wav,water_shower
/content/drive/MyDrive/AImodels/codes/experiments/Mark4.7/data/train/water_shower_train_498.wav,water_shower
/content/drive/MyDrive/AImodels/codes/experiments/Mark4.7/data/train/water_shower_train_499.wav,water_shower
/content/drive/MyDrive/AImodels/codes/experiments/Mark4.7/data/train/water_shower_train_500.wav,water_shower
/content/drive/MyDrive/AImodels/codes/experiments/Mark4.7/data/train/water_shower_train_501.wav,water_shower
/content/drive/MyDrive/AImodels/codes/experiments/Mark4.7/data/train/water_shower_train_502.wav,water_shower
/content/drive/MyDrive/AImodels/codes/experiments/Mark4.7/data/train/water_shower_train_503.wav,water_shower
/content/drive/MyDrive/AImodels/codes/experiments/Mark4.7/data/train/water_shower_train_504.wav,water_shower
/content/drive/MyDrive/AImodels/codes/experiments/Mark4.7/data/train/water_shower_train_505.wav,water_shower
/content/drive/MyDrive/AImodels/codes/experiments/Mark4.7/data/train/water_shower_train_506.wav,water_shower
/content/drive/MyDrive/AImodels/codes/experiments/Mark4.7/data/train/water_shower_train_507.wav,water_shower
/content/drive/MyDrive/AImodels/codes/experiments/Mark4.7/data/train/water_shower_train_508.wav,water_shower
/content/drive/MyDrive/AImodels/codes/experiments/Mark4.7/data/train/water_shower_train_509.wav,water_shower
/content/drive/MyDrive/AImodels/codes/experiments/Mark4.7/data/train/water_shower_train_510.wav,water_shower
/content/drive/MyDrive/AImodels/codes/experiments/Mark4.7/data/train/water_shower_train_511.wav,water_shower
/content/drive/MyDrive/AImodels/codes/experiments/Mark4.7/data/train/water_shower_train_512.wav,water_shower
/content/drive/MyDrive/AImodels/codes/experiments/Mark4.7/data/train/water_shower_train_513.wav,water_shower
/content/drive/MyDrive/AImodels/codes/experiments/Mark4.7/data/train/water_shower_train_514.wav,water_shower
/content/drive/MyDrive/AImodels/codes/experiments/Mark4.7/data/train/water_shower_train_515.wav,water_shower
/content/drive/MyDrive/AImodels/codes/experiments/Mark4.7/data/train/water_shower_train_516.wav,water_shower
/content/drive/MyDrive/AImodels/codes/experiments/Mark4.7/data/train/water_shower_train_aug_001.wav,water_shower
/content/drive/MyDrive/AImodels/codes/experiments/Mark4.7/data/train/water_shower_train_aug_002.wav,water_shower
/content/drive/MyDrive/AImodels/codes/experiments/Mark4.7/data/train/water_shower_train_aug_003.wav,water_shower
/content/drive/MyDrive/AImodels/codes/experiments/Mark4.7/data/train/water_shower_train_aug_004.wav,water_shower
/content/drive/MyDrive/AImodels/codes/experiments/Mark4.7/data/train/water_shower_train_aug_005.wav,water_shower
/content/drive/MyDrive/AImodels/codes/experiments/Mark4.7/data/train/water_shower_train_aug_006.wav,water_shower
/content/drive/MyDrive/AImodels/codes/experiments/Mark4.7/data/train/water_shower_train_aug_007.wav,water_shower
/content/drive/MyDrive/AImodels/codes/experiments/Mark4.7/data/train/water_shower_train_aug_008.wav,water_shower
/content/drive/MyDrive/AImodels/codes/experiments/Mark4.7/data/train/water_shower_train_aug_009.wav,water_shower
/content/drive/MyDrive/AImodels/codes/experiments/Mark4.7/data/train/water_shower_train_aug_010.wav,water_shower
/content/drive/MyDrive/AImodels/codes/experiments/Mark4.7/data/train/water_shower_train_aug_011.wav,water_shower
/content/drive/MyDrive/AImodels/codes/experiments/Mark4.7/data/train/water_shower_train_aug_012.wav,water_shower
/content/drive/MyDrive/AImodels/codes/experiments/Mark4.7/data/train/water_shower_train_aug_013.wav,water_shower
/content/drive/MyDrive/AImodels/codes/experiments/Mark4.7/data/train/water_shower_train_aug_014.wav,water_shower
/content/drive/MyDrive/AImodels/codes/experiments/Mark4.7/data/train/water_shower_train_aug_015.wav,water_shower
/content/drive/MyDrive/AImodels/codes/experiments/Mark4.7/data/train/water_shower_train_aug_016.wav,water_shower
/content/drive/MyDrive/AImodels/codes/experiments/Mark4.7/data/train/water_shower_train_aug_017.wav,water_shower
/content/drive/MyDrive/AImodels/codes/experiments/Mark4.7/data/train/water_shower_train_aug_018.wav,water_shower
/content/drive/MyDrive/AImodels/codes/experiments/Mark4.7/data/train/water_shower_train_aug_019.wav,water_shower
/content/drive/MyDrive/AImodels/codes/experiments/Mark4.7/data/train/water_shower_train_aug_020.wav,water_shower
/content/drive/MyDrive/AImodels/codes/experiments/Mark4.7/data/train/water_shower_train_aug_021.wav,water_shower
/content/drive/MyDrive/AImodels/codes/experiments/Mark4.7/data/train/water_shower_train_aug_022.wav,water_shower
/content/drive/MyDrive/AImodels/codes/experiments/Mark4.7/data/train/water_shower_train_aug_023.wav,water_shower
/content/drive/MyDrive/AImodels/codes/experiments/Mark4.7/data/train/water_shower_train_aug_024.wav,water_shower
/content/drive/MyDrive/AImodels/codes/experiments/Mark4.7/data/train/water_shower_train_aug_025.wav,water_shower
/content/drive/MyDrive/AImodels/codes/experiments/Mark4.7/data/train/water_shower_train_aug_026.wav,water_shower
/content/drive/MyDrive/AImodels/codes/experiments/Mark4.7/data/train/water_shower_train_aug_027.wav,water_shower
/content/drive/MyDrive/AImodels/codes/experiments/Mark4.7/data/train/water_shower_train_aug_028.wav,water_shower
/content/drive/MyDrive/AImodels/codes/experiments/Mark4.7/data/train/water_shower_train_aug_029.wav,water_shower
/content/drive/MyDrive/AImodels/codes/experiments/Mark4.7/data/train/water_shower_train_aug_030.wav,water_shower
/content/drive/MyDrive/AImodels/codes/experiments/Mark4.7/data/train/water_shower_train_aug_031.wav,water_shower
/content/drive/MyDrive/AImodels/codes/experiments/Mark4.7/data/train/water_shower_train_aug_032.wav,water_shower
/content/drive/MyDrive/AImodels/codes/experiments/Mark4.7/data/train/water_shower_train_aug_033.wav,water_shower
/content/drive/MyDrive/AImodels/codes/experiments/Mark4.7/data/train/water_shower_train_aug_034.wav,water_shower
/content/drive/MyDrive/AImodels/codes/experiments/Mark4.7/data/train/water_shower_train_aug_035.wav,water_shower
/content/drive/MyDrive/AImodels/codes/experiments/Mark4.7/data/train/water_shower_train_aug_036.wav,water_shower
/content/drive/MyDrive/AImodels/codes/experiments/Mark4.7/data/train/water_shower_train_aug_037.wav,water_shower
/content/drive/MyDrive/AImodels/codes/experiments/Mark4.7/data/train/water_shower_train_aug_038.wav,water_shower
/content/drive/MyDrive/AImodels/codes/experiments/Mark4.7/data/train/water_shower_train_aug_039.wav,water_shower
/content/drive/MyDrive/AImodels/codes/experiments/Mark4.7/data/train/water_shower_train_aug_040.wav,water_shower
/content/drive/MyDrive/AImodels/codes/experiments/Mark4.7/data/train/water_shower_train_aug_041.wav,water_shower
/content/drive/MyDrive/AImodels/codes/experiments/Mark4.7/data/train/water_shower_train_aug_042.wav,water_shower
/content/drive/MyDrive/AImodels/codes/experiments/Mark4.7/data/train/water_shower_train_aug_043.wav,water_shower
/content/drive/MyDrive/AImodels/codes/experiments/Mark4.7/data/train/water_shower_train_aug_044.wav,water_shower
/content/drive/MyDrive/AImodels/codes/experiments/Mark4.7/data/train/water_shower_train_aug_045.wav,water_shower
/content/drive/MyDrive/AImodels/codes/experiments/Mark4.7/data/train/water_shower_train_aug_046.wav,water_shower
/content/drive/MyDrive/AImodels/codes/experiments/Mark4.7/data/train/water_shower_train_aug_047.wav,water_shower
/content/drive/MyDrive/AImodels/codes/experiments/Mark4.7/data/train/water_shower_train_aug_048.wav,water_shower
/content/drive/MyDrive/AImodels/codes/experiments/Mark4.7/data/train/water_shower_train_aug_049.wav,water_shower
/content/drive/MyDrive/AImodels/codes/experiments/Mark4.7/data/train/water_shower_train_aug_050.wav,water_shower
/content/drive/MyDrive/AImodels/codes/experiments/Mark4.7/data/train/water_shower_train_aug_051.wav,water_shower
/content/drive/MyDrive/AImodels/codes/experiments/Mark4.7/data/train/water_shower_train_aug_052.wav,water_shower
/content/drive/MyDrive/AImodels/codes/experiments/Mark4.7/data/train/water_shower_train_aug_053.wav,water_shower
/content/drive/MyDrive/AImodels/codes/experiments/Mark4.7/data/train/water_shower_train_aug_054.wav,water_shower
/content/drive/MyDrive/AImodels/codes/experiments/Mark4.7/data/train/water_shower_train_aug_055.wav,water_shower
/content/drive/MyDrive/AImodels/codes/experiments/Mark4.7/data/train/water_shower_train_aug_056.wav,water_shower
/content/drive/MyDrive/AImodels/codes/experiments/Mark4.7/data/train/water_shower_train_aug_057.wav,water_shower
/content/drive/MyDrive/AImodels/codes/experiments/Mark4.7/data/train/water_shower_train_aug_058.wav,water_shower
/content/drive/MyDrive/AImodels/codes/experiments/Mark4.7/data/train/water_shower_train_aug_059.wav,water_shower
/content/drive/MyDrive/AImodels/codes/experiments/Mark4.7/data/train/water_shower_train_aug_060.wav,water_shower
/content/drive/MyDrive/AImodels/codes/experiments/Mark4.7/data/train/water_shower_train_aug_061.wav,water_shower
/content/drive/MyDrive/AImodels/codes/experiments/Mark4.7/data/train/water_shower_train_aug_062.wav,water_shower
/content/drive/MyDrive/AImodels/codes/experiments/Mark4.7/data/train/water_shower_train_aug_063.wav,water_shower
/content/drive/MyDrive/AImodels/codes/experiments/Mark4.7/data/train/water_shower_train_aug_064.wav,water_shower
/content/drive/MyDrive/AImodels/codes/experiments/Mark4.7/data/train/water_shower_train_aug_065.wav,water_shower
/content/drive/MyDrive/AImodels/codes/experiments/Mark4.7/data/train/water_shower_train_aug_066.wav,water_shower
/content/drive/MyDrive/AImodels/codes/experiments/Mark4.7/data/train/water_shower_train_aug_067.wav,water_shower
/content/drive/MyDrive/AImodels/codes/experiments/Mark4.7/data/train/water_shower_train_aug_068.wav,water_shower
/content/drive/MyDrive/AImodels/codes/experiments/Mark4.7/data/train/water_shower_train_aug_069.wav,water_shower
/content/drive/MyDrive/AImodels/codes/experiments/Mark4.7/data/train/water_shower_train_aug_070.wav,water_shower
/content/drive/MyDrive/AImodels/codes/experiments/Mark4.7/data/train/water_shower_train_aug_071.wav,water_shower
/content/drive/MyDrive/AImodels/codes/experiments/Mark4.7/data/train/water_shower_train_aug_072.wav,water_shower
/content/drive/MyDrive/AImodels/codes/experiments/Mark4.7/data/train/water_shower_train_aug_073.wav,water_shower
/content/drive/MyDrive/AImodels/codes/experiments/Mark4.7/data/train/water_shower_train_aug_074.wav,water_shower
/content/drive/MyDrive/AImodels/codes/experiments/Mark4.7/data/train/water_shower_train_aug_075.wav,water_shower
/content/drive/MyDrive/AImodels/codes/experiments/Mark4.7/data/train/water_shower_train_aug_076.wav,water_shower
/content/drive/MyDrive/AImodels/codes/experiments/Mark4.7/data/train/water_shower_train_aug_077.wav,water_shower
/content/drive/MyDrive/AImodels/codes/experiments/Mark4.7/data/train/water_shower_train_aug_078.wav,water_shower
/content/drive/MyDrive/AImodels/codes/experiments/Mark4.7/data/train/water_shower_train_aug_079.wav,water_shower
/content/drive/MyDrive/AImodels/codes/experiments/Mark4.7/data/train/water_shower_train_aug_080.wav,water_shower
/content/drive/MyDrive/AImodels/codes/experiments/Mark4.7/data/train/water_shower_train_aug_081.wav,water_shower
/content/drive/MyDrive/AImodels/codes/experiments/Mark4.7/data/train/water_shower_train_aug_082.wav,water_shower
/content/drive/MyDrive/AImodels/codes/experiments/Mark4.7/data/train/water_shower_train_aug_083.wav,water_shower
/content/drive/MyDrive/AImodels/codes/experiments/Mark4.7/data/train/water_shower_train_aug_084.wav,water_shower
/content/drive/MyDrive/AImodels/codes/experiments/Mark4.7/data/train/water_shower_train_aug_085.wav,water_shower
/content/drive/MyDrive/AImodels/codes/experiments/Mark4.7/data/train/water_shower_train_aug_086.wav,water_shower
/content/drive/MyDrive/AImodels/codes/experiments/Mark4.7/data/train/water_shower_train_aug_087.wav,water_shower
/content/drive/MyDrive/AImodels/codes/experiments/Mark4.7/data/train/water_shower_train_aug_088.wav,water_shower
/content/drive/MyDrive/AImodels/codes/experiments/Mark4.7/data/train/water_shower_train_aug_089.wav,water_shower
/content/drive/MyDrive/AImodels/codes/experiments/Mark4.7/data/train/water_shower_train_aug_090.wav,water_shower
/content/drive/MyDrive/AImodels/codes/experiments/Mark4.7/data/train/water_shower_train_aug_091.wav,water_shower
/content/drive/MyDrive/AImodels/codes/experiments/Mark4.7/data/train/water_shower_train_aug_092.wav,water_shower
/content/drive/MyDrive/AImodels/codes/experiments/Mark4.7/data/train/water_shower_train_aug_093.wav,water_shower
/content/drive/MyDrive/AImodels/codes/experiments/Mark4.7/data/train/water_shower_train_aug_094.wav,water_shower
/content/drive/MyDrive/AImodels/codes/experiments/Mark4.7/data/train/water_shower_train_aug_095.wav,water_shower
/content/drive/MyDrive/AImodels/codes/experiments/Mark4.7/data/train/water_shower_train_aug_096.wav,water_shower
/content/drive/MyDrive/AImodels/codes/experiments/Mark4.7/data/train/water_shower_train_aug_097.wav,water_shower
/content/drive/MyDrive/AImodels/codes/experiments/Mark4.7/data/train/water_shower_train_aug_098.wav,water_shower
/content/drive/MyDrive/AImodels/codes/experiments/Mark4.7/data/train/water_shower_train_aug_099.wav,water_shower
/content/drive/MyDrive/AImodels/codes/experiments/Mark4.7/data/train/water_shower_train_aug_100.wav,water_shower
/content/drive/MyDrive/AImodels/codes/experiments/Mark4.7/data/train/water_shower_train_aug_101.wav,water_shower
/content/drive/MyDrive/AImodels/codes/experiments/Mark4.7/data/train/water_shower_train_aug_102.wav,water_shower
/content/drive/MyDrive/AImodels/codes/experiments/Mark4.7/data/train/water_shower_train_aug_103.wav,water_shower
/content/drive/MyDrive/AImodels/codes/experiments/Mark4.7/data/train/water_shower_train_aug_104.wav,water_shower
/content/drive/MyDrive/AImodels/codes/experiments/Mark4.7/data/train/water_shower_train_aug_105.wav,water_shower
/content/drive/MyDrive/AImodels/codes/experiments/Mark4.7/data/train/water_shower_train_aug_106.wav,water_shower
/content/drive/MyDrive/AImodels/codes/experiments/Mark4.7/data/train/water_shower_train_aug_107.wav,water_shower
/content/drive/MyDrive/AImodels/codes/experiments/Mark4.7/data/train/water_shower_train_aug_108.wav,water_shower
/content/drive/MyDrive/AImodels/codes/experiments/Mark4.7/data/train/water_shower_train_aug_109.wav,water_shower
/content/drive/MyDrive/AImodels/codes/experiments/Mark4.7/data/train/water_shower_train_aug_110.wav,water_shower
/content/drive/MyDrive/AImodels/codes/experiments/Mark4.7/data/train/water_shower_train_aug_111.wav,water_shower
/content/drive/MyDrive/AImodels/codes/experiments/Mark4.7/data/train/water_shower_train_aug_112.wav,water_shower
/content/drive/MyDrive/AImodels/codes/experiments/Mark4.7/data/train/water_shower_train_aug_113.wav,water_shower
/content/drive/MyDrive/AImodels/codes/experiments/Mark4.7/data/train/water_shower_train_aug_114.wav,water_shower
/content/drive/MyDrive/AImodels/codes/experiments/Mark4.7/data/train/water_shower_train_aug_115.wav,water_shower
/content/drive/MyDrive/AImodels/codes/experiments/Mark4.7/data/train/water_shower_train_aug_116.wav,water_shower
/content/drive/MyDrive/AImodels/codes/experiments/Mark4.7/data/train/water_shower_train_aug_117.wav,water_shower
/content/drive/MyDrive/AImodels/codes/experiments/Mark4.7/data/train/water_shower_train_aug_118.wav,water_shower
/content/drive/MyDrive/AImodels/codes/experiments/Mark4.7/data/train/water_shower_train_aug_119.wav,water_shower
/content/drive/MyDrive/AImodels/codes/experiments/Mark4.7/data/train/water_shower_train_aug_120.wav,water_shower
/content/drive/MyDrive/AImodels/codes/experiments/Mark4.7/data/train/water_shower_train_aug_121.wav,water_shower
/content/drive/MyDrive/AImodels/codes/experiments/Mark4.7/data/train/water_shower_train_aug_122.wav,water_shower
/content/drive/MyDrive/AImodels/codes/experiments/Mark4.7/data/train/water_shower_train_aug_123.wav,water_shower
/content/drive/MyDrive/AImodels/codes/experiments/Mark4.7/data/train/water_shower_train_aug_124.wav,water_shower
/content/drive/MyDrive/AImodels/codes/experiments/Mark4.7/data/train/water_shower_train_aug_125.wav,water_shower
/content/drive/MyDrive/AImodels/codes/experiments/Mark4.7/data/train/water_shower_train_aug_126.wav,water_shower
/content/drive/MyDrive/AImodels/codes/experiments/Mark4.7/data/train/water_shower_train_aug_127.wav,water_shower
/content/drive/MyDrive/AImodels/codes/experiments/Mark4.7/data/train/water_shower_train_aug_128.wav,water_shower
/content/drive/MyDrive/AImodels/codes/experiments/Mark4.7/data/train/water_shower_train_aug_129.wav,water_shower
/content/drive/MyDrive/AImodels/codes/experiments/Mark4.7/data/train/water_shower_train_aug_130.wav,water_shower
/content/drive/MyDrive/AImodels/codes/experiments/Mark4.7/data/train/water_shower_train_aug_131.wav,water_shower
/content/drive/MyDrive/AImodels/codes/experiments/Mark4.7/data/train/water_shower_train_aug_132.wav,water_shower
/content/drive/MyDrive/AImodels/codes/experiments/Mark4.7/data/train/water_shower_train_aug_133.wav,water_shower
/content/drive/MyDrive/AImodels/codes/experiments/Mark4.7/data/train/water_shower_train_aug_134.wav,water_shower
/content/drive/MyDrive/AImodels/codes/experiments/Mark4.7/data/train/water_shower_train_aug_135.wav,water_shower
/content/drive/MyDrive/AImodels/codes/experiments/Mark4.7/data/train/water_shower_train_aug_136.wav,water_shower
/content/drive/MyDrive/AImodels/codes/experiments/Mark4.7/data/train/water_shower_train_aug_137.wav,water_shower
/content/drive/MyDrive/AImodels/codes/experiments/Mark4.7/data/train/water_shower_train_aug_138.wav,water_shower
/content/drive/MyDrive/AImodels/codes/experiments/Mark4.7/data/train/water_shower_train_aug_139.wav,water_shower
/content/drive/MyDrive/AImodels/codes/experiments/Mark4.7/data/train/water_shower_train_aug_140.wav,water_shower
/content/drive/MyDrive/AImodels/codes/experiments/Mark4.7/data/train/water_shower_train_aug_141.wav,water_shower
/content/drive/MyDrive/AImodels/codes/experiments/Mark4.7/data/train/water_shower_train_aug_142.wav,water_shower
/content/drive/MyDrive/AImodels/codes/experiments/Mark4.7/data/train/water_shower_train_aug_143.wav,water_shower
/content/drive/MyDrive/AImodels/codes/experiments/Mark4.7/data/train/water_shower_train_aug_144.wav,water_shower
/content/drive/MyDrive/AImodels/codes/experiments/Mark4.7/data/train/water_shower_train_aug_145.wav,water_shower
/content/drive/MyDrive/AImodels/codes/experiments/Mark4.7/data/train/water_shower_train_aug_146.wav,water_shower
/content/drive/MyDrive/AImodels/codes/experiments/Mark4.7/data/train/water_shower_train_aug_147.wav,water_shower
/content/drive/MyDrive/AImodels/codes/experiments/Mark4.7/data/train/water_shower_train_aug_148.wav,water_shower
/content/drive/MyDrive/AImodels/codes/experiments/Mark4.7/data/train/water_shower_train_aug_149.wav,water_shower
/content/drive/MyDrive/AImodels/codes/experiments/Mark4.7/data/train/water_shower_train_aug_150.wav,water_shower
/content/drive/MyDrive/AImodels/codes/experiments/Mark4.7/data/train/water_shower_train_aug_151.wav,water_shower
/content/drive/MyDrive/AImodels/codes/experiments/Mark4.7/data/train/water_shower_train_aug_152.wav,water_shower
/content/drive/MyDrive/AImodels/codes/experiments/Mark4.7/data/train/water_shower_train_aug_153.wav,water_shower
/content/drive/MyDrive/AImodels/codes/experiments/Mark4.7/data/train/water_shower_train_aug_154.wav,water_shower
/content/drive/MyDrive/AImodels/codes/experiments/Mark4.7/data/train/water_shower_train_aug_155.wav,water_shower
/content/drive/MyDrive/AImodels/codes/experiments/Mark4.7/data/train/water_shower_train_aug_156.wav,water_shower
/content/drive/MyDrive/AImodels/codes/experiments/Mark4.7/data/train/water_shower_train_aug_157.wav,water_shower
/content/drive/MyDrive/AImodels/codes/experiments/Mark4.7/data/train/water_shower_train_aug_158.wav,water_shower
/content/drive/MyDrive/AImodels/codes/experiments/Mark4.7/data/train/water_shower_train_aug_159.wav,water_shower
/content/drive/MyDrive/AImodels/codes/experiments/Mark4.7/data/train/water_shower_train_aug_160.wav,water_shower
/content/drive/MyDrive/AImodels/codes/experiments/Mark4.7/data/train/water_shower_train_aug_161.wav,water_shower
/content/drive/MyDrive/AImodels/codes/experiments/Mark4.7/data/train/water_shower_train_aug_162.wav,water_shower
/content/drive/MyDrive/AImodels/codes/experiments/Mark4.7/data/train/water_shower_train_aug_163.wav,water_shower
/content/drive/MyDrive/AImodels/codes/experiments/Mark4.7/data/train/water_shower_train_aug_164.wav,water_shower
/content/drive/MyDrive/AImodels/codes/experiments/Mark4.7/data/train/water_shower_train_aug_165.wav,water_shower
/content/drive/MyDrive/AImodels/codes/experiments/Mark4.7/data/train/water_shower_train_aug_166.wav,water_shower
/content/drive/MyDrive/AImodels/codes/experiments/Mark4.7/data/train/water_shower_train_aug_167.wav,water_shower
/content/drive/MyDrive/AImodels/codes/experiments/Mark4.7/data/train/water_shower_train_aug_168.wav,water_shower
/content/drive/MyDrive/AImodels/codes/experiments/Mark4.7/data/train/water_shower_train_aug_169.wav,water_shower
/content/drive/MyDrive/AImodels/codes/experiments/Mark4.7/data/train/water_shower_train_aug_170.wav,water_shower
/content/drive/MyDrive/AImodels/codes/experiments/Mark4.7/data/train/water_shower_train_aug_171.wav,water_shower
/content/drive/MyDrive/AImodels/codes/experiments/Mark4.7/data/train/water_shower_train_aug_172.wav,water_shower
/content/drive/MyDrive/AImodels/codes/experiments/Mark4.7/data/train/water_shower_train_aug_173.wav,water_shower
/content/drive/MyDrive/AImodels/codes/experiments/Mark4.7/data/train/water_shower_train_aug_174.wav,water_shower
/content/drive/MyDrive/AImodels/codes/experiments/Mark4.7/data/train/water_shower_train_aug_175.wav,water_shower
/content/drive/MyDrive/AImodels/codes/experiments/Mark4.7/data/train/water_shower_train_aug_176.wav,water_shower
/content/drive/MyDrive/AImodels/codes/experiments/Mark4.7/data/train/water_shower_train_aug_177.wav,water_shower
/content/drive/MyDrive/AImodels/codes/experiments/Mark4.7/data/train/water_shower_train_aug_178.wav,water_shower
/content/drive/MyDrive/AImodels/codes/experiments/Mark4.7/data/train/water_shower_train_aug_179.wav,water_shower
/content/drive/MyDrive/AImodels/codes/experiments/Mark4.7/data/train/water_shower_train_aug_180.wav,water_shower
/content/drive/MyDrive/AImodels/codes/experiments/Mark4.7/data/train/water_shower_train_aug_181.wav,water_shower
/content/drive/MyDrive/AImodels/codes/experiments/Mark4.7/data/train/water_shower_train_aug_182.wav,water_shower
/content/drive/MyDrive/AImodels/codes/experiments/Mark4.7/data/train/water_shower_train_aug_183.wav,water_shower
/content/drive/MyDrive/AImodels/codes/experiments/Mark4.7/data/train/water_shower_train_aug_184.wav,water_shower
/content/drive/MyDrive/AImodels/codes/experiments/Mark4.7/data/train/water_shower_train_aug_185.wav,water_shower
/content/drive/MyDrive/AImodels/codes/experiments/Mark4.7/data/train/water_shower_train_aug_186.wav,water_shower
/content/drive/MyDrive/AImodels/codes/experiments/Mark4.7/data/train/water_shower_train_aug_187.wav,water_shower
/content/drive/MyDrive/AImodels/codes/experiments/Mark4.7/data/train/water_shower_train_aug_188.wav,water_shower
/content/drive/MyDrive/AImodels/codes/experiments/Mark4.7/data/train/water_shower_train_aug_189.wav,water_shower
/content/drive/MyDrive/AImodels/codes/experiments/Mark4.7/data/train/water_shower_train_aug_190.wav,water_shower
/content/drive/MyDrive/AImodels/codes/experiments/Mark4.7/data/train/water_shower_train_aug_191.wav,water_shower
/content/drive/MyDrive/AImodels/codes/experiments/Mark4.7/data/train/water_shower_train_aug_192.wav,water_shower
/content/drive/MyDrive/AImodels/codes/experiments/Mark4.7/data/train/water_shower_train_aug_193.wav,water_shower
/content/drive/MyDrive/AImodels/codes/experiments/Mark4.7/data/train/water_shower_train_aug_194.wav,water_shower
/content/drive/MyDrive/AImodels/codes/experiments/Mark4.7/data/train/water_shower_train_aug_195.wav,water_shower
/content/drive/MyDrive/AImodels/codes/experiments/Mark4.7/data/train/water_shower_train_aug_196.wav,water_shower
/content/drive/MyDrive/AImodels/codes/experiments/Mark4.7/data/train/water_shower_train_aug_197.wav,water_shower
/content/drive/MyDrive/AImodels/codes/experiments/Mark4.7/data/train/water_shower_train_aug_198.wav,water_shower
/content/drive/MyDrive/AImodels/codes/experiments/Mark4.7/data/train/water_shower_train_aug_199.wav,water_shower
/content/drive/MyDrive/AImodels/codes/experiments/Mark4.7/data/train/water_shower_train_aug_200.wav,water_shower
/content/drive/MyDrive/AImodels/codes/experiments/Mark4.7/data/train/water_shower_train_aug_201.wav,water_shower
/content/drive/MyDrive/AImodels/codes/experiments/Mark4.7/data/train/water_shower_train_aug_202.wav,water_shower
/content/drive/MyDrive/AImodels/codes/experiments/Mark4.7/data/train/water_shower_train_aug_203.wav,water_shower
/content/drive/MyDrive/AImodels/codes/experiments/Mark4.7/data/train/water_shower_train_aug_204.wav,water_shower
/content/drive/MyDrive/AImodels/codes/experiments/Mark4.7/data/train/water_shower_train_aug_205.wav,water_shower
/content/drive/MyDrive/AImodels/codes/experiments/Mark4.7/data/train/water_shower_train_aug_206.wav,water_shower
/content/drive/MyDrive/AImodels/codes/experiments/Mark4.7/data/train/water_shower_train_aug_207.wav,water_shower
/content/drive/MyDrive/AImodels/codes/experiments/Mark4.7/data/train/water_shower_train_aug_208.wav,water_shower
/content/drive/MyDrive/AImodels/codes/experiments/Mark4.7/data/train/water_shower_train_aug_209.wav,water_shower
/content/drive/MyDrive/AImodels/codes/experiments/Mark4.7/data/train/water_shower_train_aug_210.wav,water_shower
/content/drive/MyDrive/AImodels/codes/experiments/Mark4.7/data/train/water_shower_train_aug_211.wav,water_shower
/content/drive/MyDrive/AImodels/codes/experiments/Mark4.7/data/train/water_shower_train_aug_212.wav,water_shower
/content/drive/MyDrive/AImodels/codes/experiments/Mark4.7/data/train/water_shower_train_aug_213.wav,water_shower
/content/drive/MyDrive/AImodels/codes/experiments/Mark4.7/data/train/water_shower_train_aug_214.wav,water_shower
/content/drive/MyDrive/AImodels/codes/experiments/Mark4.7/data/train/water_shower_train_aug_215.wav,water_shower
/content/drive/MyDrive/AImodels/codes/experiments/Mark4.7/data/train/water_shower_train_aug_216.wav,water_shower
/content/drive/MyDrive/AImodels/codes/experiments/Mark4.7/data/train/water_shower_train_aug_217.wav,water_shower
/content/drive/MyDrive/AImodels/codes/experiments/Mark4.7/data/train/water_shower_train_aug_218.wav,water_shower
/content/drive/MyDrive/AImodels/codes/experiments/Mark4.7/data/train/water_shower_train_aug_219.wav,water_shower
/content/drive/MyDrive/AImodels/codes/experiments/Mark4.7/data/train/water_shower_train_aug_220.wav,water_shower
/content/drive/MyDrive/AImodels/codes/experiments/Mark4.7/data/train/water_shower_train_aug_221.wav,water_shower
/content/drive/MyDrive/AImodels/codes/experiments/Mark4.7/data/train/water_shower_train_aug_222.wav,water_shower
/content/drive/MyDrive/AImodels/codes/experiments/Mark4.7/data/train/water_shower_train_aug_223.wav,water_shower
/content/drive/MyDrive/AImodels/codes/experiments/Mark4.7/data/train/water_shower_train_aug_224.wav,water_shower
/content/drive/MyDrive/AImodels/codes/experiments/Mark4.7/data/train/water_shower_train_aug_225.wav,water_shower
/content/drive/MyDrive/AImodels/codes/experiments/Mark4.7/data/train/water_shower_train_aug_226.wav,water_shower
/content/drive/MyDrive/AImodels/codes/experiments/Mark4.7/data/train/water_shower_train_aug_227.wav,water_shower
/content/drive/MyDrive/AImodels/codes/experiments/Mark4.7/data/train/water_shower_train_aug_228.wav,water_shower
/content/drive/MyDrive/AImodels/codes/experiments/Mark4.7/data/train/water_shower_train_aug_229.wav,water_shower
/content/drive/MyDrive/AImodels/codes/experiments/Mark4.7/data/train/water_shower_train_aug_230.wav,water_shower
/content/drive/MyDrive/AImodels/codes/experiments/Mark4.7/data/train/water_shower_train_aug_231.wav,water_shower
/content/drive/MyDrive/AImodels/codes/experiments/Mark4.7/data/train/water_shower_train_aug_232.wav,water_shower
/content/drive/MyDrive/AImodels/codes/experiments/Mark4.7/data/train/water_shower_train_aug_233.wav,water_shower
/content/drive/MyDrive/AImodels/codes/experiments/Mark4.7/data/train/water_shower_train_aug_234.wav,water_shower
/content/drive/MyDrive/AImodels/codes/experiments/Mark4.7/data/train/water_shower_train_aug_235.wav,water_shower
/content/drive/MyDrive/AImodels/codes/experiments/Mark4.7/data/train/water_shower_train_aug_236.wav,water_shower
/content/drive/MyDrive/AImodels/codes/experiments/Mark4.7/data/train/water_shower_train_aug_237.wav,water_shower
/content/drive/MyDrive/AImodels/codes/experiments/Mark4.7/data/train/water_shower_train_aug_238.wav,water_shower
/content/drive/MyDrive/AImodels/codes/experiments/Mark4.7/data/train/water_shower_train_aug_239.wav,water_shower
/content/drive/MyDrive/AImodels/codes/experiments/Mark4.7/data/train/water_shower_train_aug_240.wav,water_shower
/content/drive/MyDrive/AImodels/codes/experiments/Mark4.7/data/train/water_shower_train_aug_241.wav,water_shower
/content/drive/MyDrive/AImodels/codes/experiments/Mark4.7/data/train/water_shower_train_aug_242.wav,water_shower
/content/drive/MyDrive/AImodels/codes/experiments/Mark4.7/data/train/water_shower_train_aug_243.wav,water_shower
/content/drive/MyDrive/AImodels/codes/experiments/Mark4.7/data/train/water_shower_train_aug_244.wav,water_shower
/content/drive/MyDrive/AImodels/codes/experiments/Mark4.7/data/train/water_shower_train_aug_245.wav,water_shower
/content/drive/MyDrive/AImodels/codes/experiments/Mark4.7/data/train/water_shower_train_aug_246.wav,water_shower
/content/drive/MyDrive/AImodels/codes/experiments/Mark4.7/data/train/water_shower_train_aug_247.wav,water_shower
/content/drive/MyDrive/AImodels/codes/experiments/Mark4.7/data/train/water_shower_train_aug_248.wav,water_shower
/content/drive/MyDrive/AImodels/codes/experiments/Mark4.7/data/train/water_shower_train_aug_249.wav,water_shower
/content/drive/MyDrive/AImodels/codes/experiments/Mark4.7/data/train/water_shower_train_aug_250.wav,water_shower
/content/drive/MyDrive/AImodels/codes/experiments/Mark4.7/data/train/water_shower_train_aug_251.wav,water_shower
/content/drive/MyDrive/AImodels/codes/experiments/Mark4.7/data/train/water_shower_train_aug_252.wav,water_shower
/content/drive/MyDrive/AImodels/codes/experiments/Mark4.7/data/train/water_shower_train_aug_253.wav,water_shower
/content/drive/MyDrive/AImodels/codes/experiments/Mark4.7/data/train/water_shower_train_aug_254.wav,water_shower
/content/drive/MyDrive/AImodels/codes/experiments/Mark4.7/data/train/water_shower_train_aug_255.wav,water_shower
/content/drive/MyDrive/AImodels/codes/experiments/Mark4.7/data/train/water_shower_train_aug_256.wav,water_shower
/content/drive/MyDrive/AImodels/codes/experiments/Mark4.7/data/train/water_shower_train_aug_257.wav,water_shower
/content/drive/MyDrive/AImodels/codes/experiments/Mark4.7/data/train/water_shower_train_aug_258.wav,water_shower
/content/drive/MyDrive/AImodels/codes/experiments/Mark4.7/data/train/water_shower_train_aug_259.wav,water_shower
/content/drive/MyDrive/AImodels/codes/experiments/Mark4.7/data/train/water_shower_train_aug_260.wav,water_shower
/content/drive/MyDrive/AImodels/codes/experiments/Mark4.7/data/train/water_shower_train_aug_261.wav,water_shower
/content/drive/MyDrive/AImodels/codes/experiments/Mark4.7/data/train/water_shower_train_aug_262.wav,water_shower
/content/drive/MyDrive/AImodels/codes/experiments/Mark4.7/data/train/water_shower_train_aug_263.wav,water_shower
/content/drive/MyDrive/AImodels/codes/experiments/Mark4.7/data/train/water_shower_train_aug_264.wav,water_shower
/content/drive/MyDrive/AImodels/codes/experiments/Mark4.7/data/train/water_shower_train_aug_265.wav,water_shower
/content/drive/MyDrive/AImodels/codes/experiments/Mark4.7/data/train/water_shower_train_aug_266.wav,water_shower
/content/drive/MyDrive/AImodels/codes/experiments/Mark4.7/data/train/water_shower_train_aug_267.wav,water_shower
/content/drive/MyDrive/AImodels/codes/experiments/Mark4.7/data/train/water_shower_train_aug_268.wav,water_shower
/content/drive/MyDrive/AImodels/codes/experiments/Mark4.7/data/train/water_shower_train_aug_269.wav,water_shower
/content/drive/MyDrive/AImodels/codes/experiments/Mark4.7/data/train/water_shower_train_aug_270.wav,water_shower
/content/drive/MyDrive/AImodels/codes/experiments/Mark4.7/data/train/water_shower_train_aug_271.wav,water_shower
/content/drive/MyDrive/AImodels/codes/experiments/Mark4.7/data/train/water_shower_train_aug_272.wav,water_shower
/content/drive/MyDrive/AImodels/codes/experiments/Mark4.7/data/train/water_shower_train_aug_273.wav,water_shower
/content/drive/MyDrive/AImodels/codes/experiments/Mark4.7/data/train/water_shower_train_aug_274.wav,water_shower
/content/drive/MyDrive/AImodels/codes/experiments/Mark4.7/data/train/water_shower_train_aug_275.wav,water_shower
/content/drive/MyDrive/AImodels/codes/experiments/Mark4.7/data/train/water_shower_train_aug_276.wav,water_shower
/content/drive/MyDrive/AImodels/codes/experiments/Mark4.7/data/train/water_shower_train_aug_277.wav,water_shower
/content/drive/MyDrive/AImodels/codes/experiments/Mark4.7/data/train/water_shower_train_aug_278.wav,water_shower
/content/drive/MyDrive/AImodels/codes/experiments/Mark4.7/data/train/water_shower_train_aug_279.wav,water_shower
/content/drive/MyDrive/AImodels/codes/experiments/Mark4.7/data/train/water_shower_train_aug_280.wav,water_shower
/content/drive/MyDrive/AImodels/codes/experiments/Mark4.7/data/train/water_shower_train_aug_281.wav,water_shower
/content/drive/MyDrive/AImodels/codes/experiments/Mark4.7/data/train/water_shower_train_aug_282.wav,water_shower
/content/drive/MyDrive/AImodels/codes/experiments/Mark4.7/data/train/water_shower_train_aug_283.wav,water_shower
/content/drive/MyDrive/AImodels/codes/experiments/Mark4.7/data/train/water_shower_train_aug_284.wav,water_shower
/content/drive/MyDrive/AImodels/codes/experiments/Mark4.7/data/train/water_shower_train_aug_285.wav,water_shower
/content/drive/MyDrive/AImodels/codes/experiments/Mark4.7/data/train/water_shower_train_aug_286.wav,water_shower
/content/drive/MyDrive/AImodels/codes/experiments/Mark4.7/data/train/water_shower_train_aug_287.wav,water_shower
/content/drive/MyDrive/AImodels/codes/experiments/Mark4.7/data/train/water_shower_train_aug_288.wav,water_shower
/content/drive/MyDrive/AImodels/codes/experiments/Mark4.7/data/train/water_shower_train_aug_289.wav,water_shower
/content/drive/MyDrive/AImodels/codes/experiments/Mark4.7/data/train/water_shower_train_aug_290.wav,water_shower
/content/drive/MyDrive/AImodels/codes/experiments/Mark4.7/data/train/water_shower_train_aug_291.wav,water_shower
/content/drive/MyDrive/AImodels/codes/experiments/Mark4.7/data/train/water_shower_train_aug_292.wav,water_shower
/content/drive/MyDrive/AImodels/codes/experiments/Mark4.7/data/train/water_shower_train_aug_293.wav,water_shower
/content/drive/MyDrive/AImodels/codes/experiments/Mark4.7/data/train/water_shower_train_aug_294.wav,water_shower
/content/drive/MyDrive/AImodels/codes/experiments/Mark4.7/data/train/water_shower_train_aug_295.wav,water_shower
/content/drive/MyDrive/AImodels/codes/experiments/Mark4.7/data/train/water_shower_train_aug_296.wav,water_shower
/content/drive/MyDrive/AImodels/codes/experiments/Mark4.7/data/train/water_shower_train_aug_297.wav,water_shower
/content/drive/MyDrive/AImodels/codes/experiments/Mark4.7/data/train/water_shower_train_aug_298.wav,water_shower
/content/drive/MyDrive/AImodels/codes/experiments/Mark4.7/data/train/water_shower_train_aug_299.wav,water_shower
/content/drive/MyDrive/AImodels/codes/experiments/Mark4.7/data/train/water_shower_train_aug_300.wav,water_shower
/content/drive/MyDrive/AImodels/codes/experiments/Mark4.7/data/train/water_shower_train_aug_301.wav,water_shower
/content/drive/MyDrive/AImodels/codes/experiments/Mark4.7/data/train/water_shower_train_aug_302.wav,water_shower
/content/drive/MyDrive/AImodels/codes/experiments/Mark4.7/data/train/water_shower_train_aug_303.wav,water_shower
/content/drive/MyDrive/AImodels/codes/experiments/Mark4.7/data/train/water_shower_train_aug_304.wav,water_shower
/content/drive/MyDrive/AImodels/codes/experiments/Mark4.7/data/train/water_shower_train_aug_305.wav,water_shower
/content/drive/MyDrive/AImodels/codes/experiments/Mark4.7/data/train/water_shower_train_aug_306.wav,water_shower
/content/drive/MyDrive/AImodels/codes/experiments/Mark4.7/data/train/water_shower_train_aug_307.wav,water_shower
/content/drive/MyDrive/AImodels/codes/experiments/Mark4.7/data/train/water_shower_train_aug_308.wav,water_shower
/content/drive/MyDrive/AImodels/codes/experiments/Mark4.7/data/train/water_shower_train_aug_309.wav,water_shower
/content/drive/MyDrive/AImodels/codes/experiments/Mark4.7/data/train/water_shower_train_aug_310.wav,water_shower
/content/drive/MyDrive/AImodels/codes/experiments/Mark4.7/data/train/water_shower_train_aug_311.wav,water_shower
/content/drive/MyDrive/AImodels/codes/experiments/Mark4.7/data/train/water_shower_train_aug_312.wav,water_shower
/content/drive/MyDrive/AImodels/codes/experiments/Mark4.7/data/train/water_shower_train_aug_313.wav,water_shower
/content/drive/MyDrive/AImodels/codes/experiments/Mark4.7/data/train/water_shower_train_aug_314.wav,water_shower
/content/drive/MyDrive/AImodels/codes/experiments/Mark4.7/data/train/water_shower_train_aug_315.wav,water_shower
/content/drive/MyDrive/AImodels/codes/experiments/Mark4.7/data/train/water_shower_train_aug_316.wav,water_shower
/content/drive/MyDrive/AImodels/codes/experiments/Mark4.7/data/train/water_shower_train_aug_317.wav,water_shower
/content/drive/MyDrive/AImodels/codes/experiments/Mark4.7/data/train/water_shower_train_aug_318.wav,water_shower
/content/drive/MyDrive/AImodels/codes/experiments/Mark4.7/data/train/water_shower_train_aug_319.wav,water_shower
/content/drive/MyDrive/AImodels/codes/experiments/Mark4.7/data/train/water_shower_train_aug_320.wav,water_shower
/content/drive/MyDrive/AImodels/codes/experiments/Mark4.7/data/train/water_shower_train_aug_321.wav,water_shower
/content/drive/MyDrive/AImodels/codes/experiments/Mark4.7/data/train/water_shower_train_aug_322.wav,water_shower
/content/drive/MyDrive/AImodels/codes/experiments/Mark4.7/data/train/water_shower_train_aug_323.wav,water_shower
/content/drive/MyDrive/AImodels/codes/experiments/Mark4.7/data/train/water_shower_train_aug_324.wav,water_shower
/content/drive/MyDrive/AImodels/codes/experiments/Mark4.7/data/train/water_shower_train_aug_325.wav,water_shower
/content/drive/MyDrive/AImodels/codes/experiments/Mark4.7/data/train/water_shower_train_aug_326.wav,water_shower
/content/drive/MyDrive/AImodels/codes/experiments/Mark4.7/data/train/water_shower_train_aug_327.wav,water_shower
/content/drive/MyDrive/AImodels/codes/experiments/Mark4.7/data/train/water_shower_train_aug_328.wav,water_shower
/content/drive/MyDrive/AImodels/codes/experiments/Mark4.7/data/train/water_shower_train_aug_329.wav,water_shower
/content/drive/MyDrive/AImodels/codes/experiments/Mark4.7/data/train/water_shower_train_aug_330.wav,water_shower
/content/drive/MyDrive/AImodels/codes/experiments/Mark4.7/data/train/water_shower_train_aug_331.wav,water_shower
/content/drive/MyDrive/AImodels/codes/experiments/Mark4.7/data/train/water_shower_train_aug_332.wav,water_shower
/content/drive/MyDrive/AImodels/codes/experiments/Mark4.7/data/train/water_shower_train_aug_333.wav,water_shower
/content/drive/MyDrive/AImodels/codes/experiments/Mark4.7/data/train/water_shower_train_aug_334.wav,water_shower
/content/drive/MyDrive/AImodels/codes/experiments/Mark4.7/data/train/water_shower_train_aug_335.wav,water_shower
/content/drive/MyDrive/AImodels/codes/experiments/Mark4.7/data/train/water_shower_train_aug_336.wav,water_shower
/content/drive/MyDrive/AImodels/codes/experiments/Mark4.7/data/train/water_shower_train_aug_337.wav,water_shower
/content/drive/MyDrive/AImodels/codes/experiments/Mark4.7/data/train/water_shower_train_aug_338.wav,water_shower
/content/drive/MyDrive/AImodels/codes/experiments/Mark4.7/data/train/water_shower_train_aug_339.wav,water_shower
/content/drive/MyDrive/AImodels/codes/experiments/Mark4.7/data/train/water_shower_train_aug_340.wav,water_shower
/content/drive/MyDrive/AImodels/codes/experiments/Mark4.7/data/train/water_shower_train_aug_341.wav,water_shower
/content/drive/MyDrive/AImodels/codes/experiments/Mark4.7/data/train/water_shower_train_aug_342.wav,water_shower
/content/drive/MyDrive/AImodels/codes/experiments/Mark4.7/data/train/water_shower_train_aug_343.wav,water_shower
/content/drive/MyDrive/AImodels/codes/experiments/Mark4.7/data/train/water_shower_train_aug_344.wav,water_shower
/content/drive/MyDrive/AImodels/codes/experiments/Mark4.7/data/train/water_shower_train_aug_345.wav,water_shower
/content/drive/MyDrive/AImodels/codes/experiments/Mark4.7/data/train/water_shower_train_aug_346.wav,water_shower
/content/drive/MyDrive/AImodels/codes/experiments/Mark4.7/data/train/water_shower_train_aug_347.wav,water_shower
/content/drive/MyDrive/AImodels/codes/experiments/Mark4.7/data/train/water_shower_train_aug_348.wav,water_shower
/content/drive/MyDrive/AImodels/codes/experiments/Mark4.7/data/train/water_shower_train_aug_349.wav,water_shower
/content/drive/MyDrive/AImodels/codes/experiments/Mark4.7/data/train/water_shower_train_aug_350.wav,water_shower
/content/drive/MyDrive/AImodels/codes/experiments/Mark4.7/data/train/water_shower_train_aug_351.wav,water_shower
/content/drive/MyDrive/AImodels/codes/experiments/Mark4.7/data/train/water_shower_train_aug_352.wav,water_shower
/content/drive/MyDrive/AImodels/codes/experiments/Mark4.7/data/train/water_shower_train_aug_353.wav,water_shower
/content/drive/MyDrive/AImodels/codes/experiments/Mark4.7/data/train/water_shower_train_aug_354.wav,water_shower
/content/drive/MyDrive/AImodels/codes/experiments/Mark4.7/data/train/water_shower_train_aug_355.wav,water_shower
/content/drive/MyDrive/AImodels/codes/experiments/Mark4.7/data/train/water_shower_train_aug_356.wav,water_shower
/content/drive/MyDrive/AImodels/codes/experiments/Mark4.7/data/train/water_shower_train_aug_357.wav,water_shower
/content/drive/MyDrive/AImodels/codes/experiments/Mark4.7/data/train/water_shower_train_aug_358.wav,water_shower
/content/drive/MyDrive/AImodels/codes/experiments/Mark4.7/data/train/water_shower_train_aug_359.wav,water_shower
/content/drive/MyDrive/AImodels/codes/experiments/Mark4.7/data/train/water_shower_train_aug_360.wav,water_shower
/content/drive/MyDrive/AImodels/codes/experiments/Mark4.7/data/train/water_shower_train_aug_361.wav,water_shower
/content/drive/MyDrive/AImodels/codes/experiments/Mark4.7/data/train/water_shower_train_aug_362.wav,water_shower
/content/drive/MyDrive/AImodels/codes/experiments/Mark4.7/data/train/water_shower_train_aug_363.wav,water_shower
/content/drive/MyDrive/AImodels/codes/experiments/Mark4.7/data/train/water_shower_train_aug_364.wav,water_shower
/content/drive/MyDrive/AImodels/codes/experiments/Mark4.7/data/train/water_shower_train_aug_365.wav,water_shower
/content/drive/MyDrive/AImodels/codes/experiments/Mark4.7/data/train/water_shower_train_aug_366.wav,water_shower
/content/drive/MyDrive/AImodels/codes/experiments/Mark4.7/data/train/water_shower_train_aug_367.wav,water_shower
/content/drive/MyDrive/AImodels/codes/experiments/Mark4.7/data/train/water_shower_train_aug_368.wav,water_shower
/content/drive/MyDrive/AImodels/codes/experiments/Mark4.7/data/train/water_shower_train_aug_369.wav,water_shower
/content/drive/MyDrive/AImodels/codes/experiments/Mark4.7/data/train/water_shower_train_aug_370.wav,water_shower
/content/drive/MyDrive/AImodels/codes/experiments/Mark4.7/data/train/water_shower_train_aug_371.wav,water_shower
/content/drive/MyDrive/AImodels/codes/experiments/Mark4.7/data/train/water_shower_train_aug_372.wav,water_shower
/content/drive/MyDrive/AImodels/codes/experiments/Mark4.7/data/train/water_shower_train_aug_373.wav,water_shower
/content/drive/MyDrive/AImodels/codes/experiments/Mark4.7/data/train/water_shower_train_aug_374.wav,water_shower
/content/drive/MyDrive/AImodels/codes/experiments/Mark4.7/data/train/water_shower_train_aug_375.wav,water_shower
/content/drive/MyDrive/AImodels/codes/experiments/Mark4.7/data/train/water_shower_train_aug_376.wav,water_shower
/content/drive/MyDrive/AImodels/codes/experiments/Mark4.7/data/train/water_shower_train_aug_377.wav,water_shower
/content/drive/MyDrive/AImodels/codes/experiments/Mark4.7/data/train/water_shower_train_aug_378.wav,water_shower
/content/drive/MyDrive/AImodels/codes/experiments/Mark4.7/data/train/water_shower_train_aug_379.wav,water_shower
/content/drive/MyDrive/AImodels/codes/experiments/Mark4.7/data/train/water_shower_train_aug_380.wav,water_shower
/content/drive/MyDrive/AImodels/codes/experiments/Mark4.7/data/train/water_shower_train_aug_381.wav,water_shower
/content/drive/MyDrive/AImodels/codes/experiments/Mark4.7/data/train/water_shower_train_aug_382.wav,water_shower
/content/drive/MyDrive/AImodels/codes/experiments/Mark4.7/data/train/water_shower_train_aug_383.wav,water_shower
/content/drive/MyDrive/AImodels/codes/experiments/Mark4.7/data/train/water_shower_train_aug_384.wav,water_shower
/content/drive/MyDrive/AImodels/codes/experiments/Mark4.7/data/train/water_shower_train_aug_385.wav,water_shower
/content/drive/MyDrive/AImodels/codes/experiments/Mark4.7/data/train/water_shower_train_aug_386.wav,water_shower
/content/drive/MyDrive/AImodels/codes/experiments/Mark4.7/data/train/water_shower_train_aug_387.wav,water_shower
/content/drive/MyDrive/AImodels/codes/experiments/Mark4.7/data/train/water_shower_train_aug_388.wav,water_shower
/content/drive/MyDrive/AImodels/codes/experiments/Mark4.7/data/train/water_shower_train_aug_389.wav,water_shower
/content/drive/MyDrive/AImodels/codes/experiments/Mark4.7/data/train/water_shower_train_aug_390.wav,water_shower
/content/drive/MyDrive/AImodels/codes/experiments/Mark4.7/data/train/water_shower_train_aug_391.wav,water_shower
/content/drive/MyDrive/AImodels/codes/experiments/Mark4.7/data/train/water_shower_train_aug_392.wav,water_shower
/content/drive/MyDrive/AImodels/codes/experiments/Mark4.7/data/train/water_shower_train_aug_393.wav,water_shower
/content/drive/MyDrive/AImodels/codes/experiments/Mark4.7/data/train/water_shower_train_aug_394.wav,water_shower
/content/drive/MyDrive/AImodels/codes/experiments/Mark4.7/data/train/water_shower_train_aug_395.wav,water_shower
/content/drive/MyDrive/AImodels/codes/experiments/Mark4.7/data/train/water_shower_train_aug_396.wav,water_shower
/content/drive/MyDrive/AImodels/codes/experiments/Mark4.7/data/train/water_shower_train_aug_397.wav,water_shower
/content/drive/MyDrive/AImodels/codes/experiments/Mark4.7/data/train/water_shower_train_aug_398.wav,water_shower
/content/drive/MyDrive/AImodels/codes/experiments/Mark4.7/data/train/water_shower_train_aug_399.wav,water_shower
/content/drive/MyDrive/AImodels/codes/experiments/Mark4.7/data/train/water_shower_train_aug_400.wav,water_shower
/content/drive/MyDrive/AImodels/codes/experiments/Mark4.7/data/train/water_shower_train_aug_401.wav,water_shower
/content/drive/MyDrive/AImodels/codes/experiments/Mark4.7/data/train/water_shower_train_aug_402.wav,water_shower
/content/drive/MyDrive/AImodels/codes/experiments/Mark4.7/data/train/water_shower_train_aug_403.wav,water_shower
/content/drive/MyDrive/AImodels/codes/experiments/Mark4.7/data/train/water_shower_train_aug_404.wav,water_shower
/content/drive/MyDrive/AImodels/codes/experiments/Mark4.7/data/train/water_shower_train_aug_405.wav,water_shower
/content/drive/MyDrive/AImodels/codes/experiments/Mark4.7/data/train/water_shower_train_aug_406.wav,water_shower
/content/drive/MyDrive/AImodels/codes/experiments/Mark4.7/data/train/water_shower_train_aug_407.wav,water_shower
/content/drive/MyDrive/AImodels/codes/experiments/Mark4.7/data/train/water_shower_train_aug_408.wav,water_shower
/content/drive/MyDrive/AImodels/codes/experiments/Mark4.7/data/train/water_shower_train_aug_409.wav,water_shower
/content/drive/MyDrive/AImodels/codes/experiments/Mark4.7/data/train/water_shower_train_aug_410.wav,water_shower
/content/drive/MyDrive/AImodels/codes/experiments/Mark4.7/data/train/water_shower_train_aug_411.wav,water_shower
/content/drive/MyDrive/AImodels/codes/experiments/Mark4.7/data/train/water_shower_train_aug_412.wav,water_shower
/content/drive/MyDrive/AImodels/codes/experiments/Mark4.7/data/train/water_shower_train_aug_413.wav,water_shower
/content/drive/MyDrive/AImodels/codes/experiments/Mark4.7/data/train/water_shower_train_aug_414.wav,water_shower
/content/drive/MyDrive/AImodels/codes/experiments/Mark4.7/data/train/water_shower_train_aug_415.wav,water_shower
/content/drive/MyDrive/AImodels/codes/experiments/Mark4.7/data/train/water_shower_train_aug_416.wav,water_shower
/content/drive/MyDrive/AImodels/codes/experiments/Mark4.7/data/train/water_shower_train_aug_417.wav,water_shower
/content/drive/MyDrive/AImodels/codes/experiments/Mark4.7/data/train/water_shower_train_aug_418.wav,water_shower
/content/drive/MyDrive/AImodels/codes/experiments/Mark4.7/data/train/water_shower_train_aug_419.wav,water_shower
/content/drive/MyDrive/AImodels/codes/experiments/Mark4.7/data/train/water_shower_train_aug_420.wav,water_shower
/content/drive/MyDrive/AImodels/codes/experiments/Mark4.7/data/train/water_shower_train_aug_421.wav,water_shower
/content/drive/MyDrive/AImodels/codes/experiments/Mark4.7/data/train/water_shower_train_aug_422.wav,water_shower
/content/drive/MyDrive/AImodels/codes/experiments/Mark4.7/data/train/water_shower_train_aug_423.wav,water_shower
/content/drive/MyDrive/AImodels/codes/experiments/Mark4.7/data/train/water_shower_train_aug_424.wav,water_shower
/content/drive/MyDrive/AImodels/codes/experiments/Mark4.7/data/train/water_shower_train_aug_425.wav,water_shower
/content/drive/MyDrive/AImodels/codes/experiments/Mark4.7/data/train/water_shower_train_aug_426.wav,water_shower
/content/drive/MyDrive/AImodels/codes/experiments/Mark4.7/data/train/water_shower_train_aug_427.wav,water_shower
/content/drive/MyDrive/AImodels/codes/experiments/Mark4.7/data/train/water_shower_train_aug_428.wav,water_shower
/content/drive/MyDrive/AImodels/codes/experiments/Mark4.7/data/train/water_shower_train_aug_429.wav,water_shower
/content/drive/MyDrive/AImodels/codes/experiments/Mark4.7/data/train/water_shower_train_aug_430.wav,water_shower
/content/drive/MyDrive/AImodels/codes/experiments/Mark4.7/data/train/water_shower_train_aug_431.wav,water_shower
/content/drive/MyDrive/AImodels/codes/experiments/Mark4.7/data/train/water_shower_train_aug_432.wav,water_shower
/content/drive/MyDrive/AImodels/codes/experiments/Mark4.7/data/train/water_shower_train_aug_433.wav,water_shower
/content/drive/MyDrive/AImodels/codes/experiments/Mark4.7/data/train/water_shower_train_aug_434.wav,water_shower
/content/drive/MyDrive/AImodels/codes/experiments/Mark4.7/data/train/water_shower_train_aug_435.wav,water_shower
/content/drive/MyDrive/AImodels/codes/experiments/Mark4.7/data/train/water_shower_train_aug_436.wav,water_shower
/content/drive/MyDrive/AImodels/codes/experiments/Mark4.7/data/train/water_shower_train_aug_437.wav,water_shower
/content/drive/MyDrive/AImodels/codes/experiments/Mark4.7/data/train/water_shower_train_aug_438.wav,water_shower
/content/drive/MyDrive/AImodels/codes/experiments/Mark4.7/data/train/water_shower_train_aug_439.wav,water_shower
/content/drive/MyDrive/AImodels/codes/experiments/Mark4.7/data/train/water_shower_train_aug_440.wav,water_shower
/content/drive/MyDrive/AImodels/codes/experiments/Mark4.7/data/train/water_shower_train_aug_441.wav,water_shower
/content/drive/MyDrive/AImodels/codes/experiments/Mark4.7/data/train/water_shower_train_aug_442.wav,water_shower
/content/drive/MyDrive/AImodels/codes/experiments/Mark4.7/data/train/water_shower_train_aug_443.wav,water_shower
/content/drive/MyDrive/AImodels/codes/experiments/Mark4.7/data/train/water_shower_train_aug_444.wav,water_shower
/content/drive/MyDrive/AImodels/codes/experiments/Mark4.7/data/train/water_shower_train_aug_445.wav,water_shower
/content/drive/MyDrive/AImodels/codes/experiments/Mark4.7/data/train/water_shower_train_aug_446.wav,water_shower
/content/drive/MyDrive/AImodels/codes/experiments/Mark4.7/data/train/water_shower_train_aug_447.wav,water_shower
/content/drive/MyDrive/AImodels/codes/experiments/Mark4.7/data/train/water_shower_train_aug_448.wav,water_shower
/content/drive/MyDrive/AImodels/codes/experiments/Mark4.7/data/train/water_shower_train_aug_449.wav,water_shower
/content/drive/MyDrive/AImodels/codes/experiments/Mark4.7/data/train/water_shower_train_aug_450.wav,water_shower
/content/drive/MyDrive/AImodels/codes/experiments/Mark4.7/data/train/water_shower_train_aug_451.wav,water_shower
/content/drive/MyDrive/AImodels/codes/experiments/Mark4.7/data/train/water_shower_train_aug_452.wav,water_shower
/content/drive/MyDrive/AImodels/codes/experiments/Mark4.7/data/train/water_shower_train_aug_453.wav,water_shower
/content/drive/MyDrive/AImodels/codes/experiments/Mark4.7/data/train/water_shower_train_aug_454.wav,water_shower
/content/drive/MyDrive/AImodels/codes/experiments/Mark4.7/data/train/water_shower_train_aug_455.wav,water_shower
/content/drive/MyDrive/AImodels/codes/experiments/Mark4.7/data/train/water_shower_train_aug_456.wav,water_shower
/content/drive/MyDrive/AImodels/codes/experiments/Mark4.7/data/train/water_shower_train_aug_457.wav,water_shower
/content/drive/MyDrive/AImodels/codes/experiments/Mark4.7/data/train/water_shower_train_aug_458.wav,water_shower
/content/drive/MyDrive/AImodels/codes/experiments/Mark4.7/data/train/water_shower_train_aug_459.wav,water_shower
/content/drive/MyDrive/AImodels/codes/experiments/Mark4.7/data/train/water_shower_train_aug_460.wav,water_shower
/content/drive/MyDrive/AImodels/codes/experiments/Mark4.7/data/train/water_shower_train_aug_461.wav,water_shower
/content/drive/MyDrive/AImodels/codes/experiments/Mark4.7/data/train/water_shower_train_aug_462.wav,water_shower
/content/drive/MyDrive/AImodels/codes/experiments/Mark4.7/data/train/water_shower_train_aug_463.wav,water_shower
/content/drive/MyDrive/AImodels/codes/experiments/Mark4.7/data/train/water_shower_train_aug_464.wav,water_shower
/content/drive/MyDrive/AImodels/codes/experiments/Mark4.7/data/train/water_shower_train_aug_465.wav,water_shower
/content/drive/MyDrive/AImodels/codes/experiments/Mark4.7/data/train/water_shower_train_aug_466.wav,water_shower
/content/drive/MyDrive/AImodels/codes/experiments/Mark4.7/data/train/water_shower_train_aug_467.wav,water_shower
/content/drive/MyDrive/AImodels/codes/experiments/Mark4.7/data/train/water_shower_train_aug_468.wav,water_shower
/content/drive/MyDrive/AImodels/codes/experiments/Mark4.7/data/train/water_shower_train_aug_469.wav,water_shower
/content/drive/MyDrive/AImodels/codes/experiments/Mark4.7/data/train/water_shower_train_aug_470.wav,water_shower
/content/drive/MyDrive/AImodels/codes/experiments/Mark4.7/data/train/water_shower_train_aug_471.wav,water_shower
/content/drive/MyDrive/AImodels/codes/experiments/Mark4.7/data/train/water_shower_train_aug_472.wav,water_shower
/content/drive/MyDrive/AImodels/codes/experiments/Mark4.7/data/train/water_shower_train_aug_473.wav,water_shower
/content/drive/MyDrive/AImodels/codes/experiments/Mark4.7/data/train/water_shower_train_aug_474.wav,water_shower
/content/drive/MyDrive/AImodels/codes/experiments/Mark4.7/data/train/water_shower_train_aug_475.wav,water_shower
/content/drive/MyDrive/AImodels/codes/experiments/Mark4.7/data/train/water_shower_train_aug_476.wav,water_shower
/content/drive/MyDrive/AImodels/codes/experiments/Mark4.7/data/train/water_shower_train_aug_477.wav,water_shower
/content/drive/MyDrive/AImodels/codes/experiments/Mark4.7/data/train/water_shower_train_aug_478.wav,water_shower
/content/drive/MyDrive/AImodels/codes/experiments/Mark4.7/data/train/water_shower_train_aug_479.wav,water_shower
/content/drive/MyDrive/AImodels/codes/experiments/Mark4.7/data/train/water_shower_train_aug_480.wav,water_shower
/content/drive/MyDrive/AImodels/codes/experiments/Mark4.7/data/train/water_shower_train_aug_481.wav,water_shower
/content/drive/MyDrive/AImodels/codes/experiments/Mark4.7/data/train/water_shower_train_aug_482.wav,water_shower
/content/drive/MyDrive/AImodels/codes/experiments/Mark4.7/data/train/water_shower_train_aug_483.wav,water_shower
/content/drive/MyDrive/AImodels/codes/experiments/Mark4.7/data/train/water_shower_train_aug_484.wav,water_shower
/content/drive/MyDrive/AImodels/codes/experiments/Mark4.7/data/val/others_val_001.wav,others
/content/drive/MyDrive/AImodels/codes/experiments/Mark4.7/data/val/others_val_002.wav,others
/content/drive/MyDrive/AImodels/codes/experiments/Mark4.7/data/val/others_val_003.wav,others
/content/drive/MyDrive/AImodels/codes/experiments/Mark4.7/data/val/others_val_004.wav,others
/content/drive/MyDrive/AImodels/codes/experiments/Mark4.7/data/val/others_val_005.wav,others
/content/drive/MyDrive/AImodels/codes/experiments/Mark4.7/data/val/others_val_006.wav,others
/content/drive/MyDrive/AImodels/codes/experiments/Mark4.7/data/val/others_val_007.wav,others
/content/drive/MyDrive/AImodels/codes/experiments/Mark4.7/data/val/others_val_008.wav,others
/content/drive/MyDrive/AImodels/codes/experiments/Mark4.7/data/val/others_val_009.wav,others
/content/drive/MyDrive/AImodels/codes/experiments/Mark4.7/data/val/others_val_010.wav,others
/content/drive/MyDrive/AImodels/codes/experiments/Mark4.7/data/val/others_val_011.wav,others
/content/drive/MyDrive/AImodels/codes/experiments/Mark4.7/data/val/others_val_012.wav,others
/content/drive/MyDrive/AImodels/codes/experiments/Mark4.7/data/val/others_val_013.wav,others
/content/drive/MyDrive/AImodels/codes/experiments/Mark4.7/data/val/others_val_014.wav,others
/content/drive/MyDrive/AImodels/codes/experiments/Mark4.7/data/val/others_val_015.wav,others
/content/drive/MyDrive/AImodels/codes/experiments/Mark4.7/data/val/others_val_016.wav,others
/content/drive/MyDrive/AImodels/codes/experiments/Mark4.7/data/val/others_val_017.wav,others
/content/drive/MyDrive/AImodels/codes/experiments/Mark4.7/data/val/others_val_018.wav,others
/content/drive/MyDrive/AImodels/codes/experiments/Mark4.7/data/val/others_val_019.wav,others
/content/drive/MyDrive/AImodels/codes/experiments/Mark4.7/data/val/others_val_020.wav,others
/content/drive/MyDrive/AImodels/codes/experiments/Mark4.7/data/val/others_val_021.wav,others
/content/drive/MyDrive/AImodels/codes/experiments/Mark4.7/data/val/others_val_022.wav,others
/content/drive/MyDrive/AImodels/codes/experiments/Mark4.7/data/val/others_val_023.wav,others
/content/drive/MyDrive/AImodels/codes/experiments/Mark4.7/data/val/others_val_024.wav,others
/content/drive/MyDrive/AImodels/codes/experiments/Mark4.7/data/val/others_val_025.wav,others
/content/drive/MyDrive/AImodels/codes/experiments/Mark4.7/data/val/others_val_026.wav,others
/content/drive/MyDrive/AImodels/codes/experiments/Mark4.7/data/val/others_val_027.wav,others
/content/drive/MyDrive/AImodels/codes/experiments/Mark4.7/data/val/others_val_028.wav,others
/content/drive/MyDrive/AImodels/codes/experiments/Mark4.7/data/val/others_val_029.wav,others
/content/drive/MyDrive/AImodels/codes/experiments/Mark4.7/data/val/others_val_030.wav,others
/content/drive/MyDrive/AImodels/codes/experiments/Mark4.7/data/val/others_val_031.wav,others
/content/drive/MyDrive/AImodels/codes/experiments/Mark4.7/data/val/others_val_032.wav,others
/content/drive/MyDrive/AImodels/codes/experiments/Mark4.7/data/val/others_val_033.wav,others
/content/drive/MyDrive/AImodels/codes/experiments/Mark4.7/data/val/others_val_034.wav,others
/content/drive/MyDrive/AImodels/codes/experiments/Mark4.7/data/val/others_val_035.wav,others
/content/drive/MyDrive/AImodels/codes/experiments/Mark4.7/data/val/others_val_036.wav,others
/content/drive/MyDrive/AImodels/codes/experiments/Mark4.7/data/val/others_val_037.wav,others
/content/drive/MyDrive/AImodels/codes/experiments/Mark4.7/data/val/others_val_038.wav,others
/content/drive/MyDrive/AImodels/codes/experiments/Mark4.7/data/val/others_val_039.wav,others
/content/drive/MyDrive/AImodels/codes/experiments/Mark4.7/data/val/others_val_040.wav,others
/content/drive/MyDrive/AImodels/codes/experiments/Mark4.7/data/val/others_val_041.wav,others
/content/drive/MyDrive/AImodels/codes/experiments/Mark4.7/data/val/others_val_042.wav,others
/content/drive/MyDrive/AImodels/codes/experiments/Mark4.7/data/val/others_val_043.wav,others
/content/drive/MyDrive/AImodels/codes/experiments/Mark4.7/data/val/others_val_044.wav,others
/content/drive/MyDrive/AImodels/codes/experiments/Mark4.7/data/val/others_val_045.wav,others
/content/drive/MyDrive/AImodels/codes/experiments/Mark4.7/data/val/others_val_046.wav,others
/content/drive/MyDrive/AImodels/codes/experiments/Mark4.7/data/val/others_val_047.wav,others
/content/drive/MyDrive/AImodels/codes/experiments/Mark4.7/data/val/others_val_048.wav,others
/content/drive/MyDrive/AImodels/codes/experiments/Mark4.7/data/val/others_val_049.wav,others
/content/drive/MyDrive/AImodels/codes/experiments/Mark4.7/data/val/others_val_050.wav,others
/content/drive/MyDrive/AImodels/codes/experiments/Mark4.7/data/val/others_val_051.wav,others
/content/drive/MyDrive/AImodels/codes/experiments/Mark4.7/data/val/others_val_052.wav,others
/content/drive/MyDrive/AImodels/codes/experiments/Mark4.7/data/val/others_val_053.wav,others
/content/drive/MyDrive/AImodels/codes/experiments/Mark4.7/data/val/others_val_054.wav,others
/content/drive/MyDrive/AImodels/codes/experiments/Mark4.7/data/val/others_val_055.wav,others
/content/drive/MyDrive/AImodels/codes/experiments/Mark4.7/data/val/others_val_056.wav,others
/content/drive/MyDrive/AImodels/codes/experiments/Mark4.7/data/val/others_val_057.wav,others
/content/drive/MyDrive/AImodels/codes/experiments/Mark4.7/data/val/others_val_058.wav,others
/content/drive/MyDrive/AImodels/codes/experiments/Mark4.7/data/val/others_val_059.wav,others
/content/drive/MyDrive/AImodels/codes/experiments/Mark4.7/data/val/others_val_060.wav,others
/content/drive/MyDrive/AImodels/codes/experiments/Mark4.7/data/val/others_val_061.wav,others
/content/drive/MyDrive/AImodels/codes/experiments/Mark4.7/data/val/others_val_062.wav,others
/content/drive/MyDrive/AImodels/codes/experiments/Mark4.7/data/val/others_val_063.wav,others
/content/drive/MyDrive/AImodels/codes/experiments/Mark4.7/data/val/others_val_064.wav,others
/content/drive/MyDrive/AImodels/codes/experiments/Mark4.7/data/val/others_val_065.wav,others
/content/drive/MyDrive/AImodels/codes/experiments/Mark4.7/data/val/others_val_066.wav,others
/content/drive/MyDrive/AImodels/codes/experiments/Mark4.7/data/val/others_val_067.wav,others
/content/drive/MyDrive/AImodels/codes/experiments/Mark4.7/data/val/others_val_068.wav,others
/content/drive/MyDrive/AImodels/codes/experiments/Mark4.7/data/val/others_val_069.wav,others
/content/drive/MyDrive/AImodels/codes/experiments/Mark4.7/data/val/others_val_070.wav,others
/content/drive/MyDrive/AImodels/codes/experiments/Mark4.7/data/val/others_val_071.wav,others
/content/drive/MyDrive/AImodels/codes/experiments/Mark4.7/data/val/others_val_072.wav,others
/content/drive/MyDrive/AImodels/codes/experiments/Mark4.7/data/val/others_val_073.wav,others
/content/drive/MyDrive/AImodels/codes/experiments/Mark4.7/data/val/others_val_074.wav,others
/content/drive/MyDrive/AImodels/codes/experiments/Mark4.7/data/val/others_val_075.wav,others
/content/drive/MyDrive/AImodels/codes/experiments/Mark4.7/data/val/others_val_076.wav,others
/content/drive/MyDrive/AImodels/codes/experiments/Mark4.7/data/val/others_val_077.wav,others
/content/drive/MyDrive/AImodels/codes/experiments/Mark4.7/data/val/others_val_078.wav,others
/content/drive/MyDrive/AImodels/codes/experiments/Mark4.7/data/val/others_val_079.wav,others
/content/drive/MyDrive/AImodels/codes/experiments/Mark4.7/data/val/others_val_080.wav,others
/content/drive/MyDrive/AImodels/codes/experiments/Mark4.7/data/val/others_val_081.wav,others
/content/drive/MyDrive/AImodels/codes/experiments/Mark4.7/data/val/others_val_082.wav,others
/content/drive/MyDrive/AImodels/codes/experiments/Mark4.7/data/val/others_val_083.wav,others
/content/drive/MyDrive/AImodels/codes/experiments/Mark4.7/data/val/others_val_084.wav,others
/content/drive/MyDrive/AImodels/codes/experiments/Mark4.7/data/val/others_val_085.wav,others
/content/drive/MyDrive/AImodels/codes/experiments/Mark4.7/data/val/others_val_086.wav,others
/content/drive/MyDrive/AImodels/codes/experiments/Mark4.7/data/val/others_val_087.wav,others
/content/drive/MyDrive/AImodels/codes/experiments/Mark4.7/data/val/others_val_088.wav,others
/content/drive/MyDrive/AImodels/codes/experiments/Mark4.7/data/val/others_val_089.wav,others
/content/drive/MyDrive/AImodels/codes/experiments/Mark4.7/data/val/others_val_090.wav,others
/content/drive/MyDrive/AImodels/codes/experiments/Mark4.7/data/val/others_val_091.wav,others
/content/drive/MyDrive/AImodels/codes/experiments/Mark4.7/data/val/others_val_092.wav,others
/content/drive/MyDrive/AImodels/codes/experiments/Mark4.7/data/val/others_val_093.wav,others
/content/drive/MyDrive/AImodels/codes/experiments/Mark4.7/data/val/others_val_094.wav,others
/content/drive/MyDrive/AImodels/codes/experiments/Mark4.7/data/val/others_val_095.wav,others
/content/drive/MyDrive/AImodels/codes/experiments/Mark4.7/data/val/others_val_096.wav,others
/content/drive/MyDrive/AImodels/codes/experiments/Mark4.7/data/val/others_val_097.wav,others
/content/drive/MyDrive/AImodels/codes/experiments/Mark4.7/data/val/others_val_098.wav,others
/content/drive/MyDrive/AImodels/codes/experiments/Mark4.7/data/val/others_val_099.wav,others
/content/drive/MyDrive/AImodels/codes/experiments/Mark4.7/data/val/others_val_100.wav,others
/content/drive/MyDrive/AImodels/codes/experiments/Mark4.7/data/val/others_val_101.wav,others
/content/drive/MyDrive/AImodels/codes/experiments/Mark4.7/data/val/others_val_102.wav,others
/content/drive/MyDrive/AImodels/codes/experiments/Mark4.7/data/val/others_val_103.wav,others
/content/drive/MyDrive/AImodels/codes/experiments/Mark4.7/data/val/others_val_104.wav,others
/content/drive/MyDrive/AImodels/codes/experiments/Mark4.7/data/val/others_val_105.wav,others
/content/drive/MyDrive/AImodels/codes/experiments/Mark4.7/data/val/others_val_106.wav,others
/content/drive/MyDrive/AImodels/codes/experiments/Mark4.7/data/val/others_val_107.wav,others
/content/drive/MyDrive/AImodels/codes/experiments/Mark4.7/data/val/others_val_108.wav,others
/content/drive/MyDrive/AImodels/codes/experiments/Mark4.7/data/val/others_val_109.wav,others
/content/drive/MyDrive/AImodels/codes/experiments/Mark4.7/data/val/others_val_110.wav,others
/content/drive/MyDrive/AImodels/codes/experiments/Mark4.7/data/val/others_val_111.wav,others
/content/drive/MyDrive/AImodels/codes/experiments/Mark4.7/data/val/others_val_112.wav,others
/content/drive/MyDrive/AImodels/codes/experiments/Mark4.7/data/val/others_val_113.wav,others
/content/drive/MyDrive/AImodels/codes/experiments/Mark4.7/data/val/others_val_114.wav,others
/content/drive/MyDrive/AImodels/codes/experiments/Mark4.7/data/val/others_val_115.wav,others
/content/drive/MyDrive/AImodels/codes/experiments/Mark4.7/data/val/others_val_116.wav,others
/content/drive/MyDrive/AImodels/codes/experiments/Mark4.7/data/val/others_val_117.wav,others
/content/drive/MyDrive/AImodels/codes/experiments/Mark4.7/data/val/others_val_118.wav,others
/content/drive/MyDrive/AImodels/codes/experiments/Mark4.7/data/val/others_val_119.wav,others
/content/drive/MyDrive/AImodels/codes/experiments/Mark4.7/data/val/others_val_120.wav,others
/content/drive/MyDrive/AImodels/codes/experiments/Mark4.7/data/val/others_val_121.wav,others
/content/drive/MyDrive/AImodels/codes/experiments/Mark4.7/data/val/others_val_122.wav,others
/content/drive/MyDrive/AImodels/codes/experiments/Mark4.7/data/val/others_val_123.wav,others
/content/drive/MyDrive/AImodels/codes/experiments/Mark4.7/data/val/others_val_124.wav,others
/content/drive/MyDrive/AImodels/codes/experiments/Mark4.7/data/val/others_val_125.wav,others
/content/drive/MyDrive/AImodels/codes/experiments/Mark4.7/data/val/others_val_126.wav,others
/content/drive/MyDrive/AImodels/codes/experiments/Mark4.7/data/val/others_val_127.wav,others
/content/drive/MyDrive/AImodels/codes/experiments/Mark4.7/data/val/others_val_128.wav,others
/content/drive/MyDrive/AImodels/codes/experiments/Mark4.7/data/val/others_val_129.wav,others
/content/drive/MyDrive/AImodels/codes/experiments/Mark4.7/data/val/others_val_130.wav,others
/content/drive/MyDrive/AImodels/codes/experiments/Mark4.7/data/val/others_val_131.wav,others
/content/drive/MyDrive/AImodels/codes/experiments/Mark4.7/data/val/others_val_132.wav,others
/content/drive/MyDrive/AImodels/codes/experiments/Mark4.7/data/val/others_val_133.wav,others
/content/drive/MyDrive/AImodels/codes/experiments/Mark4.7/data/val/others_val_134.wav,others
/content/drive/MyDrive/AImodels/codes/experiments/Mark4.7/data/val/others_val_135.wav,others
/content/drive/MyDrive/AImodels/codes/experiments/Mark4.7/data/val/others_val_136.wav,others
/content/drive/MyDrive/AImodels/codes/experiments/Mark4.7/data/val/others_val_137.wav,others
/content/drive/MyDrive/AImodels/codes/experiments/Mark4.7/data/val/others_val_138.wav,others
/content/drive/MyDrive/AImodels/codes/experiments/Mark4.7/data/val/others_val_139.wav,others
/content/drive/MyDrive/AImodels/codes/experiments/Mark4.7/data/val/others_val_140.wav,others
/content/drive/MyDrive/AImodels/codes/experiments/Mark4.7/data/val/others_val_141.wav,others
/content/drive/MyDrive/AImodels/codes/experiments/Mark4.7/data/val/others_val_142.wav,others
/content/drive/MyDrive/AImodels/codes/experiments/Mark4.7/data/val/others_val_143.wav,others
/content/drive/MyDrive/AImodels/codes/experiments/Mark4.7/data/val/others_val_144.wav,others
/content/drive/MyDrive/AImodels/codes/experiments/Mark4.7/data/val/others_val_145.wav,others
/content/drive/MyDrive/AImodels/codes/experiments/Mark4.7/data/val/others_val_146.wav,others
/content/drive/MyDrive/AImodels/codes/experiments/Mark4.7/data/val/others_val_147.wav,others
/content/drive/MyDrive/AImodels/codes/experiments/Mark4.7/data/val/others_val_148.wav,others
/content/drive/MyDrive/AImodels/codes/experiments/Mark4.7/data/val/others_val_149.wav,others
/content/drive/MyDrive/AImodels/codes/experiments/Mark4.7/data/val/others_val_150.wav,others
/content/drive/MyDrive/AImodels/codes/experiments/Mark4.7/data/val/others_val_151.wav,others
/content/drive/MyDrive/AImodels/codes/experiments/Mark4.7/data/val/others_val_152.wav,others
/content/drive/MyDrive/AImodels/codes/experiments/Mark4.7/data/val/others_val_153.wav,others
/content/drive/MyDrive/AImodels/codes/experiments/Mark4.7/data/val/others_val_154.wav,others
/content/drive/MyDrive/AImodels/codes/experiments/Mark4.7/data/val/others_val_155.wav,others
/content/drive/MyDrive/AImodels/codes/experiments/Mark4.7/data/val/others_val_156.wav,others
/content/drive/MyDrive/AImodels/codes/experiments/Mark4.7/data/val/others_val_157.wav,others
/content/drive/MyDrive/AImodels/codes/experiments/Mark4.7/data/val/others_val_158.wav,others
/content/drive/MyDrive/AImodels/codes/experiments/Mark4.7/data/val/others_val_159.wav,others
/content/drive/MyDrive/AImodels/codes/experiments/Mark4.7/data/val/others_val_160.wav,others
/content/drive/MyDrive/AImodels/codes/experiments/Mark4.7/data/val/others_val_161.wav,others
/content/drive/MyDrive/AImodels/codes/experiments/Mark4.7/data/val/others_val_162.wav,others
/content/drive/MyDrive/AImodels/codes/experiments/Mark4.7/data/val/others_val_163.wav,others
/content/drive/MyDrive/AImodels/codes/experiments/Mark4.7/data/val/others_val_164.wav,others
/content/drive/MyDrive/AImodels/codes/experiments/Mark4.7/data/val/others_val_165.wav,others
/content/drive/MyDrive/AImodels/codes/experiments/Mark4.7/data/val/others_val_166.wav,others
/content/drive/MyDrive/AImodels/codes/experiments/Mark4.7/data/val/others_val_167.wav,others
/content/drive/MyDrive/AImodels/codes/experiments/Mark4.7/data/val/others_val_168.wav,others
/content/drive/MyDrive/AImodels/codes/experiments/Mark4.7/data/val/others_val_169.wav,others
/content/drive/MyDrive/AImodels/codes/experiments/Mark4.7/data/val/others_val_170.wav,others
/content/drive/MyDrive/AImodels/codes/experiments/Mark4.7/data/val/others_val_171.wav,others
/content/drive/MyDrive/AImodels/codes/experiments/Mark4.7/data/val/others_val_172.wav,others
/content/drive/MyDrive/AImodels/codes/experiments/Mark4.7/data/val/others_val_173.wav,others
/content/drive/MyDrive/AImodels/codes/experiments/Mark4.7/data/val/others_val_174.wav,others
/content/drive/MyDrive/AImodels/codes/experiments/Mark4.7/data/val/others_val_175.wav,others
/content/drive/MyDrive/AImodels/codes/experiments/Mark4.7/data/val/others_val_176.wav,others
/content/drive/MyDrive/AImodels/codes/experiments/Mark4.7/data/val/others_val_177.wav,others
/content/drive/MyDrive/AImodels/codes/experiments/Mark4.7/data/val/others_val_178.wav,others
/content/drive/MyDrive/AImodels/codes/experiments/Mark4.7/data/val/others_val_179.wav,others
/content/drive/MyDrive/AImodels/codes/experiments/Mark4.7/data/val/others_val_180.wav,others
/content/drive/MyDrive/AImodels/codes/experiments/Mark4.7/data/val/others_val_181.wav,others
/content/drive/MyDrive/AImodels/codes/experiments/Mark4.7/data/val/others_val_182.wav,others
/content/drive/MyDrive/AImodels/codes/experiments/Mark4.7/data/val/others_val_183.wav,others
/content/drive/MyDrive/AImodels/codes/experiments/Mark4.7/data/val/others_val_184.wav,others
/content/drive/MyDrive/AImodels/codes/experiments/Mark4.7/data/val/others_val_185.wav,others
/content/drive/MyDrive/AImodels/codes/experiments/Mark4.7/data/val/others_val_186.wav,others
/content/drive/MyDrive/AImodels/codes/experiments/Mark4.7/data/val/others_val_187.wav,others
/content/drive/MyDrive/AImodels/codes/experiments/Mark4.7/data/val/others_val_188.wav,others
/content/drive/MyDrive/AImodels/codes/experiments/Mark4.7/data/val/others_val_189.wav,others
/content/drive/MyDrive/AImodels/codes/experiments/Mark4.7/data/val/others_val_190.wav,others
/content/drive/MyDrive/AImodels/codes/experiments/Mark4.7/data/val/others_val_191.wav,others
/content/drive/MyDrive/AImodels/codes/experiments/Mark4.7/data/val/others_val_192.wav,others
/content/drive/MyDrive/AImodels/codes/experiments/Mark4.7/data/val/others_val_193.wav,others
/content/drive/MyDrive/AImodels/codes/experiments/Mark4.7/data/val/others_val_194.wav,others
/content/drive/MyDrive/AImodels/codes/experiments/Mark4.7/data/val/others_val_195.wav,others
/content/drive/MyDrive/AImodels/codes/experiments/Mark4.7/data/val/others_val_196.wav,others
/content/drive/MyDrive/AImodels/codes/experiments/Mark4.7/data/val/others_val_197.wav,others
/content/drive/MyDrive/AImodels/codes/experiments/Mark4.7/data/val/others_val_198.wav,others
/content/drive/MyDrive/AImodels/codes/experiments/Mark4.7/data/val/others_val_199.wav,others
/content/drive/MyDrive/AImodels/codes/experiments/Mark4.7/data/val/others_val_200.wav,others
/content/drive/MyDrive/AImodels/codes/experiments/Mark4.7/data/val/others_val_201.wav,others
/content/drive/MyDrive/AImodels/codes/experiments/Mark4.7/data/val/others_val_202.wav,others
/content/drive/MyDrive/AImodels/codes/experiments/Mark4.7/data/val/others_val_203.wav,others
/content/drive/MyDrive/AImodels/codes/experiments/Mark4.7/data/val/others_val_204.wav,others
/content/drive/MyDrive/AImodels/codes/experiments/Mark4.7/data/val/others_val_205.wav,others
/content/drive/MyDrive/AImodels/codes/experiments/Mark4.7/data/val/others_val_206.wav,others
/content/drive/MyDrive/AImodels/codes/experiments/Mark4.7/data/val/others_val_207.wav,others
/content/drive/MyDrive/AImodels/codes/experiments/Mark4.7/data/val/others_val_208.wav,others
/content/drive/MyDrive/AImodels/codes/experiments/Mark4.7/data/val/others_val_209.wav,others
/content/drive/MyDrive/AImodels/codes/experiments/Mark4.7/data/val/others_val_210.wav,others
/content/drive/MyDrive/AImodels/codes/experiments/Mark4.7/data/val/others_val_211.wav,others
/content/drive/MyDrive/AImodels/codes/experiments/Mark4.7/data/val/others_val_212.wav,others
/content/drive/MyDrive/AImodels/codes/experiments/Mark4.7/data/val/others_val_213.wav,others
/content/drive/MyDrive/AImodels/codes/experiments/Mark4.7/data/val/others_val_214.wav,others
/content/drive/MyDrive/AImodels/codes/experiments/Mark4.7/data/val/others_val_215.wav,others
/content/drive/MyDrive/AImodels/codes/experiments/Mark4.7/data/val/water_shower_val_001.wav,water_shower
/content/drive/MyDrive/AImodels/codes/experiments/Mark4.7/data/val/water_shower_val_002.wav,water_shower
/content/drive/MyDrive/AImodels/codes/experiments/Mark4.7/data/val/water_shower_val_003.wav,water_shower
/content/drive/MyDrive/AImodels/codes/experiments/Mark4.7/data/val/water_shower_val_004.wav,water_shower
/content/drive/MyDrive/AImodels/codes/experiments/Mark4.7/data/val/water_shower_val_005.wav,water_shower
/content/drive/MyDrive/AImodels/codes/experiments/Mark4.7/data/val/water_shower_val_006.wav,water_shower
/content/drive/MyDrive/AImodels/codes/experiments/Mark4.7/data/val/water_shower_val_007.wav,water_shower
/content/drive/MyDrive/AImodels/codes/experiments/Mark4.7/data/val/water_shower_val_008.wav,water_shower
/content/drive/MyDrive/AImodels/codes/experiments/Mark4.7/data/val/water_shower_val_009.wav,water_shower
/content/drive/MyDrive/AImodels/codes/experiments/Mark4.7/data/val/water_shower_val_010.wav,water_shower
/content/drive/MyDrive/AImodels/codes/experiments/Mark4.7/data/val/water_shower_val_011.wav,water_shower
/content/drive/MyDrive/AImodels/codes/experiments/Mark4.7/data/val/water_shower_val_012.wav,water_shower
/content/drive/MyDrive/AImodels/codes/experiments/Mark4.7/data/val/water_shower_val_013.wav,water_shower
/content/drive/MyDrive/AImodels/codes/experiments/Mark4.7/data/val/water_shower_val_014.wav,water_shower
/content/drive/MyDrive/AImodels/codes/experiments/Mark4.7/data/val/water_shower_val_015.wav,water_shower
/content/drive/MyDrive/AImodels/codes/experiments/Mark4.7/data/val/water_shower_val_016.wav,water_shower
/content/drive/MyDrive/AImodels/codes/experiments/Mark4.7/data/val/water_shower_val_017.wav,water_shower
/content/drive/MyDrive/AImodels/codes/experiments/Mark4.7/data/val/water_shower_val_018.wav,water_shower
/content/drive/MyDrive/AImodels/codes/experiments/Mark4.7/data/val/water_shower_val_019.wav,water_shower
/content/drive/MyDrive/AImodels/codes/experiments/Mark4.7/data/val/water_shower_val_020.wav,water_shower
/content/drive/MyDrive/AImodels/codes/experiments/Mark4.7/data/val/water_shower_val_021.wav,water_shower
/content/drive/MyDrive/AImodels/codes/experiments/Mark4.7/data/val/water_shower_val_022.wav,water_shower
/content/drive/MyDrive/AImodels/codes/experiments/Mark4.7/data/val/water_shower_val_023.wav,water_shower
/content/drive/MyDrive/AImodels/codes/experiments/Mark4.7/data/val/water_shower_val_024.wav,water_shower
/content/drive/MyDrive/AImodels/codes/experiments/Mark4.7/data/val/water_shower_val_025.wav,water_shower
/content/drive/MyDrive/AImodels/codes/experiments/Mark4.7/data/val/water_shower_val_026.wav,water_shower
/content/drive/MyDrive/AImodels/codes/experiments/Mark4.7/data/val/water_shower_val_027.wav,water_shower
/content/drive/MyDrive/AImodels/codes/experiments/Mark4.7/data/val/water_shower_val_028.wav,water_shower
/content/drive/MyDrive/AImodels/codes/experiments/Mark4.7/data/val/water_shower_val_029.wav,water_shower
/content/drive/MyDrive/AImodels/codes/experiments/Mark4.7/data/val/water_shower_val_030.wav,water_shower
/content/drive/MyDrive/AImodels/codes/experiments/Mark4.7/data/val/water_shower_val_031.wav,water_shower
/content/drive/MyDrive/AImodels/codes/experiments/Mark4.7/data/val/water_shower_val_032.wav,water_shower
/content/drive/MyDrive/AImodels/codes/experiments/Mark4.7/data/val/water_shower_val_033.wav,water_shower
/content/drive/MyDrive/AImodels/codes/experiments/Mark4.7/data/val/water_shower_val_034.wav,water_shower
/content/drive/MyDrive/AImodels/codes/experiments/Mark4.7/data/val/water_shower_val_035.wav,water_shower
/content/drive/MyDrive/AImodels/codes/experiments/Mark4.7/data/val/water_shower_val_036.wav,water_shower
/content/drive/MyDrive/AImodels/codes/experiments/Mark4.7/data/val/water_shower_val_037.wav,water_shower
/content/drive/MyDrive/AImodels/codes/experiments/Mark4.7/data/val/water_shower_val_038.wav,water_shower
/content/drive/MyDrive/AImodels/codes/experiments/Mark4.7/data/val/water_shower_val_039.wav,water_shower
/content/drive/MyDrive/AImodels/codes/experiments/Mark4.7/data/val/water_shower_val_040.wav,water_shower
/content/drive/MyDrive/AImodels/codes/experiments/Mark4.7/data/val/water_shower_val_041.wav,water_shower
/content/drive/MyDrive/AImodels/codes/experiments/Mark4.7/data/val/water_shower_val_042.wav,water_shower
/content/drive/MyDrive/AImodels/codes/experiments/Mark4.7/data/val/water_shower_val_043.wav,water_shower
/content/drive/MyDrive/AImodels/codes/experiments/Mark4.7/data/val/water_shower_val_044.wav,water_shower
/content/drive/MyDrive/AImodels/codes/experiments/Mark4.7/data/val/water_shower_val_045.wav,water_shower
/content/drive/MyDrive/AImodels/codes/experiments/Mark4.7/data/val/water_shower_val_046.wav,water_shower
/content/drive/MyDrive/AImodels/codes/experiments/Mark4.7/data/val/water_shower_val_047.wav,water_shower
/content/drive/MyDrive/AImodels/codes/experiments/Mark4.7/data/val/water_shower_val_048.wav,water_shower
/content/drive/MyDrive/AImodels/codes/experiments/Mark4.7/data/val/water_shower_val_049.wav,water_shower
/content/drive/MyDrive/AImodels/codes/experiments/Mark4.7/data/val/water_shower_val_050.wav,water_shower
/content/drive/MyDrive/AImodels/codes/experiments/Mark4.7/data/val/water_shower_val_051.wav,water_shower
/content/drive/MyDrive/AImodels/codes/experiments/Mark4.7/data/val/water_shower_val_052.wav,water_shower
/content/drive/MyDrive/AImodels/codes/experiments/Mark4.7/data/val/water_shower_val_053.wav,water_shower
/content/drive/MyDrive/AImodels/codes/experiments/Mark4.7/data/val/water_shower_val_054.wav,water_shower
/content/drive/MyDrive/AImodels/codes/experiments/Mark4.7/data/val/water_shower_val_055.wav,water_shower
/content/drive/MyDrive/AImodels/codes/experiments/Mark4.7/data/val/water_shower_val_056.wav,water_shower
/content/drive/MyDrive/AImodels/codes/experiments/Mark4.7/data/val/water_shower_val_057.wav,water_shower
/content/drive/MyDrive/AImodels/codes/experiments/Mark4.7/data/val/water_shower_val_058.wav,water_shower
/content/drive/MyDrive/AImodels/codes/experiments/Mark4.7/data/val/water_shower_val_059.wav,water_shower
/content/drive/MyDrive/AImodels/codes/experiments/Mark4.7/data/val/water_shower_val_060.wav,water_shower
/content/drive/MyDrive/AImodels/codes/experiments/Mark4.7/data/val/water_shower_val_061.wav,water_shower
/content/drive/MyDrive/AImodels/codes/experiments/Mark4.7/data/val/water_shower_val_062.wav,water_shower
/content/drive/MyDrive/AImodels/codes/experiments/Mark4.7/data/val/water_shower_val_063.wav,water_shower
/content/drive/MyDrive/AImodels/codes/experiments/Mark4.7/data/val/water_shower_val_064.wav,water_shower
/content/drive/MyDrive/AImodels/codes/experiments/Mark4.7/data/val/water_shower_val_065.wav,water_shower
/content/drive/MyDrive/AImodels/codes/experiments/Mark4.7/data/val/water_shower_val_066.wav,water_shower
/content/drive/MyDrive/AImodels/codes/experiments/Mark4.7/data/val/water_shower_val_067.wav,water_shower
/content/drive/MyDrive/AImodels/codes/experiments/Mark4.7/data/val/water_shower_val_068.wav,water_shower
/content/drive/MyDrive/AImodels/codes/experiments/Mark4.7/data/val/water_shower_val_069.wav,water_shower
/content/drive/MyDrive/AImodels/codes/experiments/Mark4.7/data/val/water_shower_val_070.wav,water_shower
/content/drive/MyDrive/AImodels/codes/experiments/Mark4.7/data/val/water_shower_val_071.wav,water_shower
/content/drive/MyDrive/AImodels/codes/experiments/Mark4.7/data/val/water_shower_val_072.wav,water_shower
/content/drive/MyDrive/AImodels/codes/experiments/Mark4.7/data/val/water_shower_val_073.wav,water_shower
/content/drive/MyDrive/AImodels/codes/experiments/Mark4.7/data/val/water_shower_val_074.wav,water_shower
/content/drive/MyDrive/AImodels/codes/experiments/Mark4.7/data/val/water_shower_val_075.wav,water_shower
/content/drive/MyDrive/AImodels/codes/experiments/Mark4.7/data/val/water_shower_val_076.wav,water_shower
/content/drive/MyDrive/AImodels/codes/experiments/Mark4.7/data/val/water_shower_val_077.wav,water_shower
/content/drive/MyDrive/AImodels/codes/experiments/Mark4.7/data/val/water_shower_val_078.wav,water_shower
/content/drive/MyDrive/AImodels/codes/experiments/Mark4.7/data/val/water_shower_val_079.wav,water_shower
/content/drive/MyDrive/AImodels/codes/experiments/Mark4.7/data/val/water_shower_val_080.wav,water_shower
/content/drive/MyDrive/AImodels/codes/experiments/Mark4.7/data/val/water_shower_val_081.wav,water_shower
/content/drive/MyDrive/AImodels/codes/experiments/Mark4.7/data/val/water_shower_val_082.wav,water_shower
/content/drive/MyDrive/AImodels/codes/experiments/Mark4.7/data/val/water_shower_val_083.wav,water_shower
/content/drive/MyDrive/AImodels/codes/experiments/Mark4.7/data/val/water_shower_val_084.wav,water_shower
/content/drive/MyDrive/AImodels/codes/experiments/Mark4.7/data/val/water_shower_val_085.wav,water_shower
/content/drive/MyDrive/AImodels/codes/experiments/Mark4.7/data/val/water_shower_val_086.wav,water_shower
/content/drive/MyDrive/AImodels/codes/experiments/Mark4.7/data/val/water_shower_val_087.wav,water_shower
/content/drive/MyDrive/AImodels/codes/experiments/Mark4.7/data/val/water_shower_val_088.wav,water_shower
/content/drive/MyDrive/AImodels/codes/experiments/Mark4.7/data/val/water_shower_val_089.wav,water_shower
/content/drive/MyDrive/AImodels/codes/experiments/Mark4.7/data/val/water_shower_val_090.wav,water_shower
/content/drive/MyDrive/AImodels/codes/experiments/Mark4.7/data/val/water_shower_val_091.wav,water_shower
/content/drive/MyDrive/AImodels/codes/experiments/Mark4.7/data/val/water_shower_val_092.wav,water_shower
/content/drive/MyDrive/AImodels/codes/experiments/Mark4.7/data/val/water_shower_val_093.wav,water_shower
/content/drive/MyDrive/AImodels/codes/experiments/Mark4.7/data/val/water_shower_val_094.wav,water_shower
/content/drive/MyDrive/AImodels/codes/experiments/Mark4.7/data/val/water_shower_val_095.wav,water_shower
/content/drive/MyDrive/AImodels/codes/experiments/Mark4.7/data/val/water_shower_val_096.wav,water_shower
/content/drive/MyDrive/AImodels/codes/experiments/Mark4.7/data/val/water_shower_val_097.wav,water_shower
/content/drive/MyDrive/AImodels/codes/experiments/Mark4.7/data/val/water_shower_val_098.wav,water_shower
/content/drive/MyDrive/AImodels/codes/experiments/Mark4.7/data/val/water_shower_val_099.wav,water_shower
/content/drive/MyDrive/AImodels/codes/experiments/Mark4.7/data/val/water_shower_val_100.wav,water_shower
/content/drive/MyDrive/AImodels/codes/experiments/Mark4.7/data/val/water_shower_val_101.wav,water_shower
/content/drive/MyDrive/AImodels/codes/experiments/Mark4.7/data/val/water_shower_val_102.wav,water_shower
/content/drive/MyDrive/AImodels/codes/experiments/Mark4.7/data/val/water_shower_val_103.wav,water_shower
/content/drive/MyDrive/AImodels/codes/experiments/Mark4.7/data/val/water_shower_val_104.wav,water_shower
/content/drive/MyDrive/AImodels/codes/experiments/Mark4.7/data/val/water_shower_val_105.wav,water_shower
/content/drive/MyDrive/AImodels/codes/experiments/Mark4.7/data/val/water_shower_val_106.wav,water_shower
/content/drive/MyDrive/AImodels/codes/experiments/Mark4.7/data/val/water_shower_val_107.wav,water_shower
/content/drive/MyDrive/AImodels/codes/experiments/Mark4.7/data/val/water_shower_val_108.wav,water_shower
/content/drive/MyDrive/AImodels/codes/experiments/Mark4.7/data/val/water_shower_val_109.wav,water_shower
/content/drive/MyDrive/AImodels/codes/experiments/Mark4.7/data/val/water_shower_val_110.wav,water_shower
/content/drive/MyDrive/AImodels/codes/experiments/Mark4.7/data/val/water_shower_val_111.wav,water_shower
/content/drive/MyDrive/AImodels/codes/experiments/Mark4.7/data/val/water_shower_val_112.wav,water_shower
/content/drive/MyDrive/AImodels/codes/experiments/Mark4.7/data/val/water_shower_val_113.wav,water_shower
/content/drive/MyDrive/AImodels/codes/experiments/Mark4.7/data/val/water_shower_val_114.wav,water_shower
/content/drive/MyDrive/AImodels/codes/experiments/Mark4.7/data/val/water_shower_val_115.wav,water_shower
/content/drive/MyDrive/AImodels/codes/experiments/Mark4.7/data/val/water_shower_val_116.wav,water_shower
/content/drive/MyDrive/AImodels/codes/experiments/Mark4.7/data/val/water_shower_val_117.wav,water_shower
/content/drive/MyDrive/AImodels/codes/experiments/Mark4.7/data/val/water_shower_val_118.wav,water_shower
/content/drive/MyDrive/AImodels/codes/experiments/Mark4.7/data/val/water_shower_val_119.wav,water_shower
/content/drive/MyDrive/AImodels/codes/experiments/Mark4.7/data/val/water_shower_val_120.wav,water_shower
/content/drive/MyDrive/AImodels/codes/experiments/Mark4.7/data/val/water_shower_val_121.wav,water_shower
/content/drive/MyDrive/AImodels/codes/experiments/Mark4.7/data/val/water_shower_val_122.wav,water_shower
/content/drive/MyDrive/AImodels/codes/experiments/Mark4.7/data/val/water_shower_val_123.wav,water_shower
/content/drive/MyDrive/AImodels/codes/experiments/Mark4.7/data/val/water_shower_val_124.wav,water_shower
/content/drive/MyDrive/AImodels/codes/experiments/Mark4.7/data/val/water_shower_val_125.wav,water_shower
/content/drive/MyDrive/AImodels/codes/experiments/Mark4.7/data/val/water_shower_val_126.wav,water_shower
/content/drive/MyDrive/AImodels/codes/experiments/Mark4.7/data/val/water_shower_val_127.wav,water_shower
/content/drive/MyDrive/AImodels/codes/experiments/Mark4.7/data/val/water_shower_val_128.wav,water_shower
/content/drive/MyDrive/AImodels/codes/experiments/Mark4.7/data/val/water_shower_val_129.wav,water_shower
/content/drive/MyDrive/AImodels/codes/experiments/Mark4.7/data/val/water_shower_val_130.wav,water_shower
/content/drive/MyDrive/AImodels/codes/experiments/Mark4.7/data/val/water_shower_val_131.wav,water_shower
/content/drive/MyDrive/AImodels/codes/experiments/Mark4.7/data/val/water_shower_val_132.wav,water_shower
/content/drive/MyDrive/AImodels/codes/experiments/Mark4.7/data/val/water_shower_val_133.wav,water_shower
/content/drive/MyDrive/AImodels/codes/experiments/Mark4.7/data/val/water_shower_val_134.wav,water_shower
/content/drive/MyDrive/AImodels/codes/experiments/Mark4.7/data/val/water_shower_val_135.wav,water_shower
/content/drive/MyDrive/AImodels/codes/experiments/Mark4.7/data/val/water_shower_val_136.wav,water_shower
/content/drive/MyDrive/AImodels/codes/experiments/Mark4.7/data/val/water_shower_val_137.wav,water_shower
/content/drive/MyDrive/AImodels/codes/experiments/Mark4.7/data/val/water_shower_val_138.wav,water_shower
/content/drive/MyDrive/AImodels/codes/experiments/Mark4.7/data/val/water_shower_val_139.wav,water_shower
/content/drive/MyDrive/AImodels/codes/experiments/Mark4.7/data/val/water_shower_val_140.wav,water_shower
/content/drive/MyDrive/AImodels/codes/experiments/Mark4.7/data/val/water_shower_val_141.wav,water_shower
/content/drive/MyDrive/AImodels/codes/experiments/Mark4.7/data/val/water_shower_val_142.wav,water_shower
/content/drive/MyDrive/AImodels/codes/experiments/Mark4.7/data/val/water_shower_val_143.wav,water_shower
/content/drive/MyDrive/AImodels/codes/experiments/Mark4.7/data/val/water_shower_val_144.wav,water_shower
/content/drive/MyDrive/AImodels/codes/experiments/Mark4.7/data/val/water_shower_val_145.wav,water_shower
/content/drive/MyDrive/AImodels/codes/experiments/Mark4.7/data/val/water_shower_val_146.wav,water_shower
/content/drive/MyDrive/AImodels/codes/experiments/Mark4.7/data/val/water_shower_val_147.wav,water_shower
/content/drive/MyDrive/AImodels/codes/experiments/Mark4.7/data/val/water_shower_val_148.wav,water_shower
/content/drive/MyDrive/AImodels/codes/experiments/Mark4.7/data/val/water_shower_val_149.wav,water_shower
/content/drive/MyDrive/AImodels/codes/experiments/Mark4.7/data/val/water_shower_val_150.wav,water_shower
/content/drive/MyDrive/AImodels/codes/experiments/Mark4.7/data/val/water_shower_val_151.wav,water_shower
/content/drive/MyDrive/AImodels/codes/experiments/Mark4.7/data/val/water_shower_val_152.wav,water_shower
/content/drive/MyDrive/AImodels/codes/experiments/Mark4.7/data/val/water_shower_val_153.wav,water_shower
/content/drive/MyDrive/AImodels/codes/experiments/Mark4.7/data/val/water_shower_val_154.wav,water_shower
/content/drive/MyDrive/AImodels/codes/experiments/Mark4.7/data/val/water_shower_val_155.wav,water_shower
/content/drive/MyDrive/AImodels/codes/experiments/Mark4.7/data/val/water_shower_val_156.wav,water_shower
/content/drive/MyDrive/AImodels/codes/experiments/Mark4.7/data/val/water_shower_val_157.wav,water_shower
/content/drive/MyDrive/AImodels/codes/experiments/Mark4.7/data/val/water_shower_val_158.wav,water_shower
/content/drive/MyDrive/AImodels/codes/experiments/Mark4.7/data/val/water_shower_val_159.wav,water_shower
/content/drive/MyDrive/AImodels/codes/experiments/Mark4.7/data/val/water_shower_val_160.wav,water_shower
/content/drive/MyDrive/AImodels/codes/experiments/Mark4.7/data/val/water_shower_val_161.wav,water_shower
/content/drive/MyDrive/AImodels/codes/experiments/Mark4.7/data/val/water_shower_val_162.wav,water_shower
/content/drive/MyDrive/AImodels/codes/experiments/Mark4.7/data/val/water_shower_val_163.wav,water_shower
/content/drive/MyDrive/AImodels/codes/experiments/Mark4.7/data/val/water_shower_val_164.wav,water_shower
/content/drive/MyDrive/AImodels/codes/experiments/Mark4.7/data/val/water_shower_val_165.wav,water_shower
/content/drive/MyDrive/AImodels/codes/experiments/Mark4.7/data/val/water_shower_val_166.wav,water_shower
/content/drive/MyDrive/AImodels/codes/experiments/Mark4.7/data/val/water_shower_val_167.wav,water_shower
/content/drive/MyDrive/AImodels/codes/experiments/Mark4.7/data/val/water_shower_val_168.wav,water_shower
/content/drive/MyDrive/AImodels/codes/experiments/Mark4.7/data/val/water_shower_val_169.wav,water_shower
/content/drive/MyDrive/AImodels/codes/experiments/Mark4.7/data/val/water_shower_val_170.wav,water_shower
/content/drive/MyDrive/AImodels/codes/experiments/Mark4.7/data/val/water_shower_val_171.wav,water_shower
/content/drive/MyDrive/AImodels/codes/experiments/Mark4.7/data/val/water_shower_val_172.wav,water_shower
/content/drive/MyDrive/AImodels/codes/experiments/Mark4.7/data/val/water_shower_val_173.wav,water_shower
/content/drive/MyDrive/AImodels/codes/experiments/Mark4.7/data/val/water_shower_val_174.wav,water_shower
/content/drive/MyDrive/AImodels/codes/experiments/Mark4.7/data/val/water_shower_val_175.wav,water_shower
/content/drive/MyDrive/AImodels/codes/experiments/Mark4.7/data/val/water_shower_val_176.wav,water_shower
/content/drive/MyDrive/AImodels/codes/experiments/Mark4.7/data/val/water_shower_val_177.wav,water_shower
/content/drive/MyDrive/AImodels/codes/experiments/Mark4.7/data/val/water_shower_val_178.wav,water_shower
/content/drive/MyDrive/AImodels/codes/experiments/Mark4.7/data/val/water_shower_val_179.wav,water_shower
/content/drive/MyDrive/AImodels/codes/experiments/Mark4.7/data/val/water_shower_val_180.wav,water_shower
/content/drive/MyDrive/AImodels/codes/experiments/Mark4.7/data/val/water_shower_val_181.wav,water_shower
/content/drive/MyDrive/AImodels/codes/experiments/Mark4.7/data/val/water_shower_val_182.wav,water_shower
/content/drive/MyDrive/AImodels/codes/experiments/Mark4.7/data/val/water_shower_val_183.wav,water_shower
/content/drive/MyDrive/AImodels/codes/experiments/Mark4.7/data/val/water_shower_val_184.wav,water_shower
/content/drive/MyDrive/AImodels/codes/experiments/Mark4.7/data/val/water_shower_val_185.wav,water_shower
/content/drive/MyDrive/AImodels/codes/experiments/Mark4.7/data/val/water_shower_val_186.wav,water_shower
/content/drive/MyDrive/AImodels/codes/experiments/Mark4.7/data/val/water_shower_val_187.wav,water_shower
/content/drive/MyDrive/AImodels/codes/experiments/Mark4.7/data/val/water_shower_val_188.wav,water_shower
/content/drive/MyDrive/AImodels/codes/experiments/Mark4.7/data/val/water_shower_val_189.wav,water_shower
/content/drive/MyDrive/AImodels/codes/experiments/Mark4.7/data/val/water_shower_val_190.wav,water_shower
/content/drive/MyDrive/AImodels/codes/experiments/Mark4.7/data/val/water_shower_val_191.wav,water_shower
/content/drive/MyDrive/AImodels/codes/experiments/Mark4.7/data/val/water_shower_val_192.wav,water_shower
/content/drive/MyDrive/AImodels/codes/experiments/Mark4.7/data/val/water_shower_val_193.wav,water_shower
/content/drive/MyDrive/AImodels/codes/experiments/Mark4.7/data/val/water_shower_val_194.wav,water_shower
/content/drive/MyDrive/AImodels/codes/experiments/Mark4.7/data/val/water_shower_val_195.wav,water_shower
/content/drive/MyDrive/AImodels/codes/experiments/Mark4.7/data/val/water_shower_val_196.wav,water_shower
/content/drive/MyDrive/AImodels/codes/experiments/Mark4.7/data/val/water_shower_val_197.wav,water_shower
/content/drive/MyDrive/AImodels/codes/experiments/Mark4.7/data/val/water_shower_val_198.wav,water_shower
/content/drive/MyDrive/AImodels/codes/experiments/Mark4.7/data/val/water_shower_val_199.wav,water_shower
/content/drive/MyDrive/AImodels/codes/experiments/Mark4.7/data/val/water_shower_val_200.wav,water_shower
/content/drive/MyDrive/AImodels/codes/experiments/Mark4.7/data/val/water_shower_val_201.wav,water_shower
/content/drive/MyDrive/AImodels/codes/experiments/Mark4.7/data/val/water_shower_val_202.wav,water_shower
/content/drive/MyDrive/AImodels/codes/experiments/Mark4.7/data/val/water_shower_val_203.wav,water_shower
/content/drive/MyDrive/AImodels/codes/experiments/Mark4.7/data/val/water_shower_val_204.wav,water_shower
/content/drive/MyDrive/AImodels/codes/experiments/Mark4.7/data/val/water_shower_val_205.wav,water_shower
/content/drive/MyDrive/AImodels/codes/experiments/Mark4.7/data/val/water_shower_val_206.wav,water_shower
/content/drive/MyDrive/AImodels/codes/experiments/Mark4.7/data/val/water_shower_val_207.wav,water_shower
/content/drive/MyDrive/AImodels/codes/experiments/Mark4.7/data/val/water_shower_val_208.wav,water_shower
/content/drive/MyDrive/AImodels/codes/experiments/Mark4.7/data/val/water_shower_val_209.wav,water_shower
/content/drive/MyDrive/AImodels/codes/experiments/Mark4.7/data/val/water_shower_val_210.wav,water_shower
/content/drive/MyDrive/AImodels/codes/experiments/Mark4.7/data/val/water_shower_val_211.wav,water_shower
/content/drive/MyDrive/AImodels/codes/experiments/Mark4.7/data/val/water_shower_val_212.wav,water_shower
/content/drive/MyDrive/AImodels/codes/experiments/Mark4.7/data/val/water_shower_val_213.wav,water_shower
/content/drive/MyDrive/AImodels/codes/experiments/Mark4.7/data/val/water_shower_val_214.wav,water_shower
/content/drive/MyDrive/AImodels/codes/experiments/Mark4.7/data/val/water_shower_val_215.wav,water_shower
